COREF,chapter,cat,COREF_head,count
0,21,PER,-1,1
1,0,FAC,Kellynch Hall,5
1,1,FAC,Kellynch Hall,9
1,2,FAC,Kellynch Hall,3
1,3,FAC,Kellynch Hall,2
1,4,FAC,Kellynch Hall,1
1,7,FAC,Kellynch Hall,1
1,11,FAC,Kellynch Hall,2
1,12,FAC,Kellynch Hall,1
1,16,FAC,Kellynch Hall,1
2,0,GPE,Somersetshire,1
2,2,GPE,Somersetshire,2
2,17,GPE,Somersetshire,1
3,0,GPE,Uppercross,1
3,4,GPE,Uppercross,5
3,5,GPE,Uppercross,3
3,6,GPE,Uppercross,2
3,7,GPE,Uppercross,4
3,8,GPE,Uppercross,1
3,9,GPE,Uppercross,7
3,10,GPE,Uppercross,6
3,11,FAC,Uppercross,2
3,11,GPE,Uppercross,13
3,12,GPE,Uppercross,5
3,15,GPE,Uppercross,3
3,16,GPE,Uppercross,3
3,18,GPE,Uppercross,1
3,20,GPE,Uppercross,3
3,21,GPE,Uppercross,1
4,0,GPE,Cheshire,1
5,0,GPE,Kellynch,1
5,1,GPE,Kellynch,1
5,1,PER,Kellynch,1
5,2,GPE,Kellynch,1
5,2,PER,Kellynch,2
5,3,GPE,Kellynch,3
5,4,GPE,Kellynch,2
5,4,PER,Kellynch,1
5,5,GPE,Kellynch,4
5,5,PER,Kellynch,1
5,7,GPE,Kellynch,1
5,9,GPE,Kellynch,2
5,10,GPE,Kellynch,1
5,11,GPE,Kellynch,3
5,12,GPE,Kellynch,2
5,12,PER,Kellynch,2
5,14,GPE,Kellynch,2
5,15,FAC,Kellynch,1
5,15,GPE,Kellynch,1
5,15,PER,Kellynch,3
5,16,GPE,Kellynch,1
5,17,PER,Kellynch,1
5,19,GPE,Kellynch,2
5,20,GPE,Kellynch,1
5,21,GPE,Kellynch,1
6,0,GPE,London,2
6,1,GPE,London,6
6,10,GPE,London,1
6,12,GPE,London,1
6,14,GPE,London,1
6,19,GPE,London,1
6,22,GPE,London,1
7,0,FAC,Tattersall 's,1
8,1,GPE,Journeys,1
9,1,FAC,Bath,1
9,1,GPE,Bath,7
9,3,FAC,Bath,1
9,3,GPE,Bath,7
9,4,GPE,Bath,3
9,10,GPE,Bath,2
9,11,GPE,Bath,1
9,11,PER,Bath,1
9,12,FAC,Bath,1
9,12,GPE,Bath,8
9,13,GPE,Bath,4
9,13,PER,Bath,1
9,14,GPE,Bath,6
9,15,GPE,Bath,7
9,15,PER,Bath,1
9,16,GPE,Bath,8
9,16,PER,Bath,1
9,17,GPE,Bath,6
9,18,GPE,Bath,2
9,19,GPE,Bath,7
9,20,GPE,Bath,10
9,21,GPE,Bath,3
9,22,GPE,Bath,1
10,1,FAC,Kellynch Lodge,1
10,3,FAC,Kellynch Lodge,1
11,2,GPE,Taunton,4
11,3,GPE,Taunton,1
11,7,GPE,Taunton,1
12,2,LOC,the East Indies,1
12,7,LOC,the East Indies,1
13,2,GPE,Monkford,7
13,17,GPE,Monkford,1
14,2,GPE,St Domingo,1
16,3,GPE,England,1
16,5,GPE,England,1
16,7,GPE,England,1
16,9,GPE,England,1
16,15,GPE,England,1
16,21,GPE,England,1
17,3,LOC,the Thames,1
19,3,FAC,Uppercross Cottage,2
19,4,FAC,Uppercross Cottage,3
19,15,FAC,Uppercross Cottage,1
20,4,FAC,the Pooles,1
21,4,GPE,Exeter,1
22,5,LOC,the Laconia,2
22,6,FAC,the Laconia,1
22,6,LOC,the Laconia,2
22,9,LOC,the Laconia,1
22,10,PER,the Laconia,1
22,21,LOC,the Laconia,1
23,5,GPE,Clifton,1
24,6,PER,the Asp,1
24,6,VEH,the Asp,2
25,6,LOC,the West Indies,1
25,7,LOC,the West Indies,2
26,6,ORG,The Admiralty,1
26,6,PER,The Admiralty,3
27,6,GPE,Plymouth,1
27,7,GPE,Plymouth,2
27,10,GPE,Plymouth,2
27,10,PER,Plymouth,1
27,12,GPE,Plymouth,1
27,16,GPE,Plymouth,1
28,6,LOC,the Sound,1
29,6,GPE,Gibraltar,2
29,7,GPE,Gibraltar,1
31,6,LOC,the Western Islands,1
32,6,LOC,the Mediterranean,1
33,7,GPE,Lisbon,2
34,7,GPE,Portsmouth,1
34,10,GPE,Portsmouth,2
35,7,LOC,the Atlantic,1
36,7,GPE,Cork,1
37,7,LOC,the Streights,1
38,7,GPE,Bermuda,1
39,7,GPE,Bahama,1
40,7,GPE,Deal,1
40,16,GPE,Deal,1
41,7,LOC,the North Seas,1
42,7,GPE,Shropshire,1
42,12,GPE,Shropshire,1
42,21,GPE,Shropshire,1
43,7,GPE,Winthrop,1
43,7,PER,Winthrop,1
43,8,FAC,Winthrop,1
43,8,GPE,Winthrop,6
43,8,PER,Winthrop,1
43,20,PER,Winthrop,1
43,21,GPE,Winthrop,1
45,9,GPE,North Yarmouth,1
45,16,GPE,North Yarmouth,2
46,9,FAC,Lyme,3
46,9,GPE,Lyme,14
46,9,LOC,Lyme,1
46,10,GPE,Lyme,6
46,11,GPE,Lyme,16
46,12,GPE,Lyme,1
46,13,GPE,Lyme,6
46,15,GPE,Lyme,3
46,16,GPE,Lyme,3
46,17,GPE,Lyme,9
46,19,GPE,Lyme,3
46,20,PER,Lyme,1
46,21,GPE,Lyme,4
47,9,FAC,the Cobb,3
47,10,FAC,the Cobb,2
47,10,LOC,the Cobb,1
47,11,FAC,the Cobb,2
47,11,LOC,the Cobb,1
47,11,PER,the Cobb,1
47,16,FAC,the Cobb,1
47,21,FAC,the Cobb,1
48,9,GPE,Charmouth,1
48,11,GPE,Charmouth,1
49,9,FAC,Pinny,1
49,9,GPE,Pinny,1
50,9,GPE,Wight,1
51,9,GPE,Abydos,1
52,10,GPE,Sidmouth,1
53,10,LOC,the Cape,1
55,10,FAC,the Lower Cobb,1
58,11,FAC,Camden Place,2
58,12,FAC,Camden Place,7
58,13,FAC,Camden Place,2
58,13,GPE,Camden Place,1
58,14,FAC,Camden Place,1
58,14,GPE,Camden Place,1
58,16,FAC,Camden Place,1
58,17,FAC,Camden Place,2
58,18,FAC,Camden Place,1
58,19,FAC,Camden Place,2
58,20,FAC,Camden Place,4
58,20,GPE,Camden Place,1
58,21,FAC,Camden Place,1
58,21,GPE,Camden Place,1
59,11,FAC,the Lodge,1
61,12,FAC,Rivers Street,1
61,20,FAC,Rivers Street,3
62,12,FAC,Marlborough Buildings,1
62,13,FAC,Marlborough Buildings,1
62,14,FAC,Marlborough Buildings,1
62,18,FAC,Marlborough Buildings,1
62,19,PER,Marlborough Buildings,1
63,13,FAC,Bond Street,1
64,13,FAC,Lansdown Crescent,1
65,13,GPE,Gowland,2
67,14,GPE,Ireland,1
67,15,GPE,Ireland,1
68,14,FAC,Laura Place,4
68,14,GPE,Laura Place,1
68,16,FAC,Laura Place,1
69,14,GPE,Laura,1
71,14,FAC,Westgate Buildings,4
71,15,FAC,Westgate Buildings,2
71,18,FAC,Westgate Buildings,1
73,16,FAC,Gay Street,1
73,21,FAC,Gay Street,1
75,16,FAC,Milsom Street,3
75,16,GPE,Milsom Street,1
75,21,FAC,Milsom Street,1
76,16,GPE,Belmont,1
76,16,PER,Belmont,1
76,21,GPE,Belmont,1
77,16,GPE,Minehead,1
78,16,FAC,Union Street,1
78,21,FAC,Union Street,2
79,17,FAC,The Wallises,1
79,21,PER,The Wallises,2
80,17,FAC,Pulteney Street,1
81,19,GPE,Tunbridge Wells,1
82,20,FAC,Thornberry Park,1
83,20,FAC,the White Hart,3
84,20,GPE,Dorsetshire,1
86,20,FAC,Bath Street,2
87,22,FAC,no Uppercross Hall,1
88,0,PER,Sir Walter,69
88,1,PER,Sir Walter,47
88,2,PER,Sir Walter,53
88,3,PER,Sir Walter,11
88,4,PER,Sir Walter,4
88,8,PER,Sir Walter,21
88,10,PER,Sir Walter,1
88,11,PER,Sir Walter,1
88,12,PER,Sir Walter,9
88,13,PER,Sir Walter,6
88,14,PER,Sir Walter,9
88,15,PER,Sir Walter,6
88,16,PER,Sir Walter,10
88,17,PER,Sir Walter,8
88,19,PER,Sir Walter,7
88,20,PER,Sir Walter,14
88,21,PER,Sir Walter,11
88,22,PER,Sir Walter,6
89,0,PER,Mr Elliot,39
89,10,PER,Mr Elliot,26
89,11,PER,Mr Elliot,1
89,12,PER,Mr Elliot,68
89,13,PER,Mr Elliot,125
89,14,PER,Mr Elliot,10
89,15,PER,Mr Elliot,45
89,16,PER,Mr Elliot,9
89,17,PER,Mr Elliot,69
89,18,PER,Mr Elliot,66
89,19,PER,Mr Elliot,193
89,20,PER,Mr Elliot,119
89,21,PER,Mr Elliot,7
89,22,PER,Mr Elliot,15
90,0,PER,Elizabeth,63
90,1,PER,Elizabeth,19
90,2,PER,Elizabeth,4
90,3,PER,Elizabeth,4
90,4,PER,Elizabeth,29
90,10,PER,Elizabeth,2
90,12,PER,Elizabeth,17
90,13,PER,Elizabeth,17
90,14,PER,Elizabeth,3
90,15,PER,Elizabeth,7
90,16,PER,Elizabeth,6
90,17,PER,Elizabeth,12
90,20,PER,Elizabeth,60
90,21,PER,Elizabeth,1
90,22,PER,Elizabeth,1
91,0,PER,James Stevenson,1
91,10,PER,James Stevenson,1
92,0,PER,Anne,20
92,1,PER,Anne,41
92,2,PER,Anne,55
92,3,PER,Anne,97
92,4,PER,Anne,161
92,5,PER,Anne,81
92,6,PER,Anne,98
92,7,PER,Anne,75
92,8,PER,Anne,49
92,9,PER,Anne,106
92,10,PER,Anne,80
92,11,PER,Anne,177
92,12,PER,Anne,65
92,13,PER,Anne,92
92,14,PER,Anne,124
92,15,PER,Anne,89
92,16,PER,Anne,132
92,17,PER,Anne,261
92,18,PER,Anne,185
92,19,PER,Anne,113
92,20,PER,Anne,285
92,21,PER,Anne,206
92,22,PER,Anne,19
93,0,PER,Mary,6
93,1,PER,Mary,1
93,3,PER,Mary,7
93,4,PER,Mary,57
93,5,PER,Mary,33
93,6,PER,Mary,69
93,7,PER,Mary,30
93,8,PER,Mary,41
93,9,PER,Mary,20
93,10,PER,Mary,27
93,11,PER,Mary,51
93,12,PER,Mary,19
93,13,PER,Mary,7
93,15,PER,Mary,2
93,18,PER,Mary,5
93,19,PER,Mary,1
93,20,PER,Mary,63
93,21,PER,Mary,7
93,22,PER,Mary,4
94,0,PER,Charles,1
94,7,PER,Charles,45
94,8,PER,Charles,36
94,9,PER,Charles,27
94,11,PER,Charles,28
94,12,PER,Charles,15
94,15,PER,Charles,7
94,16,PER,Charles,1
94,20,PER,Charles,22
94,22,PER,Charles,1
95,0,PER,Charles,2
95,3,PER,Charles,1
95,4,PER,Charles,53
95,5,PER,Charles,65
95,6,PER,Charles,56
95,7,PER,Charles,19
95,8,PER,Charles,4
95,9,PER,Charles,4
95,10,PER,Charles,10
95,11,PER,Charles,46
95,12,PER,Charles,6
95,15,PER,Charles,7
95,16,PER,Charles,6
95,20,PER,Charles,84
95,21,PER,Charles,85
96,0,PER,Dugdale,1
97,0,PER,Charles II,1
98,0,PER,William Walter Elliot,1
99,0,PER,Lady Elliot,20
99,14,PER,Lady Elliot,2
99,15,PER,Lady Elliot,2
99,19,PER,Lady Elliot,2
100,0,PER,Lady Russell,21
100,1,PER,Lady Russell,40
100,2,PER,Lady Russell,7
100,3,PER,Lady Russell,22
100,4,PER,Lady Russell,14
100,9,PER,Lady Russell,6
100,10,PER,Lady Russell,7
100,11,PER,Lady Russell,21
100,12,PER,Lady Russell,59
100,13,PER,Lady Russell,8
100,14,PER,Lady Russell,6
100,15,PER,Lady Russell,35
100,16,PER,Lady Russell,21
100,17,PER,Lady Russell,16
100,18,PER,Lady Russell,1
100,20,PER,Lady Russell,22
100,21,PER,Lady Russell,24
100,22,PER,Lady Russell,16
101,0,PER,Mr Shepherd,8
101,1,PER,Mr Shepherd,27
101,2,PER,Mr Shepherd,49
101,3,PER,Mr Shepherd,2
101,11,PER,Mr Shepherd,1
103,1,PER,Mrs Clay,3
103,2,PER,Mrs Clay,22
103,3,PER,Mrs Clay,2
103,4,PER,Mrs Clay,16
103,11,PER,Mrs Clay,2
103,12,PER,Mrs Clay,3
103,13,PER,Mrs Clay,24
103,14,PER,Mrs Clay,3
103,15,PER,Mrs Clay,7
103,16,PER,Mrs Clay,13
103,17,PER,Mrs Clay,2
103,19,PER,Mrs Clay,7
103,20,PER,Mrs Clay,28
103,21,PER,Mrs Clay,1
103,22,PER,Mrs Clay,8
104,1,PER,Sir Walter--,1
105,1,PER,John Shepherd,1
105,2,PER,John Shepherd,1
106,2,PER,Lord St Ives,2
107,2,PER,Admiral Baldwin,6
108,2,PER,Sir Basil,4
109,2,PER,Admiral Croft,19
109,3,PER,Admiral Croft,4
109,4,PER,Admiral Croft,1
109,6,PER,Admiral Croft,1
109,9,PER,Admiral Croft,1
109,11,PER,Admiral Croft,1
109,15,PER,Admiral Croft,6
109,16,PER,Admiral Croft,8
109,21,PER,Admiral Croft,1
110,2,PER,Mrs Croft,9
110,3,PER,Mrs Croft,4
110,4,PER,Mrs Croft,1
110,5,PER,Mrs Croft,19
110,6,PER,Mrs Croft,1
110,7,PER,Mrs Croft,23
110,9,PER,Mrs Croft,9
110,11,PER,Mrs Croft,5
110,15,PER,Mrs Croft,2
110,16,PER,Mrs Croft,7
110,20,PER,Mrs Croft,21
110,21,PER,Mrs Croft,9
111,2,PER,Penelope,3
111,20,PER,Penelope,3
112,2,PER,old Governor Trent,1
113,2,PER,Mr Wentworth,10
113,5,PER,Mr Wentworth,1
113,17,PER,Mr Wentworth,2
113,20,GPE,Mr Wentworth,1
114,2,PER,the Crofts,8
114,3,PER,the Crofts,5
114,5,PER,the Crofts,11
114,11,PER,the Crofts,17
114,15,PER,the Crofts,61
114,16,PER,the Crofts,25
115,2,PER,Captain Wentworth,18
115,3,PER,Captain Wentworth,10
115,5,PER,Captain Wentworth,25
115,6,PER,Captain Wentworth,76
115,7,PER,Captain Wentworth,105
115,8,PER,Captain Wentworth,38
115,9,PER,Captain Wentworth,75
115,10,PER,Captain Wentworth,33
115,11,PER,Captain Wentworth,54
115,12,PER,Captain Wentworth,18
115,15,PER,Captain Wentworth,3
115,16,PER,Captain Wentworth,62
115,17,PER,Captain Wentworth,111
115,18,PER,Captain Wentworth,28
115,20,PER,Captain Wentworth,48
115,21,PER,Captain Wentworth,115
115,22,PER,Captain Wentworth,16
116,3,PER,Providence,1
116,10,PER,Providence,1
116,21,PER,Providence,1
117,3,PER,The Baronet,2
118,4,PER,Little Charles,1
119,4,PER,the Miss Musgroves,4
119,5,PER,the Miss Musgroves,5
119,6,PER,the Miss Musgroves,10
119,7,PER,the Miss Musgroves,9
119,8,PER,the Miss Musgroves,5
119,9,PER,the Miss Musgroves,1
119,10,PER,the Miss Musgroves,1
119,11,PER,the Miss Musgroves,1
119,12,PER,the Miss Musgroves,1
119,16,PER,the Miss Musgroves,1
119,17,PER,the Miss Musgroves,2
119,20,PER,the Miss Musgroves,2
119,21,PER,the Miss Musgroves,1
120,4,PER,Mackenzie,2
121,4,PER,Henrietta,2
121,6,PER,Henrietta,1
121,7,PER,Henrietta,36
121,8,PER,Henrietta,11
121,9,PER,Henrietta,4
121,10,PER,Henrietta,26
121,11,PER,Henrietta,38
121,12,PER,Henrietta,2
121,15,PER,Henrietta,5
121,16,PER,Henrietta,1
121,20,PER,Henrietta,24
121,21,PER,Henrietta,1
122,4,PER,Louisa,2
122,5,PER,Louisa,9
122,6,PER,Louisa,1
122,7,PER,Louisa,20
122,8,PER,Louisa,60
122,9,PER,Louisa,10
122,10,PER,Louisa,29
122,11,PER,Louisa,51
122,12,PER,Louisa,13
122,15,PER,Louisa,19
122,16,PER,Louisa,32
122,17,PER,Louisa,10
122,20,PER,Louisa,8
122,21,PER,Louisa,15
123,4,PER,The Mr Musgroves,4
123,5,PER,The Mr Musgroves,1
124,5,PER,Jemima,6
124,6,PER,Jemima,1
124,15,PER,Jemima,1
125,5,PER,mamma,2
125,9,PER,mamma,1
126,3,GPE,Michaelmas,1
126,5,PER,Michaelmas,1
126,13,PER,Michaelmas,1
127,5,PER,Edward,1
127,7,PER,Edward,1
127,16,PER,Edward,2
127,21,PER,Edward,3
128,5,PER,Mary--,2
129,5,PER,Dick,6
129,6,PER,Dick,4
130,5,PER,Captain Wentworth,24
130,6,PER,Captain Wentworth,1
131,5,PER,Mr Robinson,3
132,5,PER,Nursing,1
133,6,PER,Mary:--,1
134,6,PER,Sophy,1
134,7,PER,Sophy,1
134,9,PER,Sophy,1
134,11,PER,Sophy,1
134,16,PER,Sophy,4
135,6,PER,Heaven,1
135,21,PER,Heaven,1
136,6,PER,Reported,1
138,6,PER,the Great Nation,1
139,6,PER,Poor Harville,6
140,7,PER,Mrs Harville,6
140,9,PER,Mrs Harville,3
140,10,PER,Mrs Harville,5
140,11,PER,Mrs Harville,25
140,12,PER,Mrs Harville,1
140,15,PER,Mrs Harville,5
140,16,PER,Mrs Harville,1
140,20,PER,Mrs Harville,4
141,7,PER,God,1
141,10,PER,God,1
141,11,PER,God,1
141,19,PER,God,1
141,21,PER,God,2
142,7,PER,Captain Croft,1
143,7,PER,the Hayters,4
143,15,PER,the Hayters,1
143,16,PER,the Hayters,1
144,7,PER,Uppercross,4
144,8,PER,Uppercross,1
144,11,PER,Uppercross,2
144,12,PER,Uppercross,1
144,13,PER,Uppercross,1
144,16,PER,Uppercross,1
145,7,PER,Mrs Hayter,1
146,7,PER,Mr Hayter,2
147,7,PER,Cousin Charles,1
148,7,PER,Lady Wentworth,2
149,7,PER,Sir Frederick,1
150,7,PER,the Spicers,1
152,7,PER,Dr Shirley,17
152,10,PER,Dr Shirley,26
152,11,PER,Dr Shirley,1
153,9,PER,Captain Harville,35
153,10,PER,Captain Harville,2
153,11,PER,Captain Harville,6
153,15,PER,Captain Harville,1
153,20,PER,Captain Harville,13
153,21,PER,Captain Harville,48
154,9,PER,the Harvilles,2
154,11,FAC,the Harvilles,1
154,11,PER,the Harvilles,9
154,12,PER,the Harvilles,1
154,15,PER,the Harvilles,9
154,21,PER,the Harvilles,1
155,9,PER,Captain Benwick,46
155,10,PER,Captain Benwick,31
155,11,PER,Captain Benwick,64
155,12,PER,Captain Benwick,46
155,15,PER,Captain Benwick,2
155,16,PER,Captain Benwick,22
155,17,PER,Captain Benwick,15
155,20,PER,Captain Benwick,15
155,21,PER,Captain Benwick,10
155,22,PER,Captain Benwick,1
156,9,PER,Fortune,1
157,9,PER,Fanny Harville,3
157,17,PER,Fanny Harville,2
157,21,PER,Fanny Harville,4
158,9,PER,Captains Wentworth,1
158,10,PER,Captains Wentworth,1
159,9,PER,Marmion,1
160,9,PER,the Giaour,2
161,10,PER,Mrs Shirley,6
162,10,PER,Crewkherne,1
162,11,GPE,Crewkherne,1
163,10,PER,Mr Scott,1
163,16,PER,Mr Scott,1
164,10,PER,Lord Byron,2
164,16,PER,Lord Byron,1
165,10,PER,June,1
166,10,PER,the Grappler,2
168,11,PER,Sarah,1
168,21,PER,Sarah,2
169,11,PER,Scenes,1
171,12,PER,Miss Harville,1
172,12,PER,Colonel Wallis,5
172,13,PER,Colonel Wallis,6
172,15,PER,Colonel Wallis,1
172,17,PER,Colonel Wallis,3
172,18,PER,Colonel Wallis,2
172,19,PER,Colonel Wallis,12
173,13,PER,Mrs Wallis,11
173,14,PER,Mrs Wallis,4
173,18,PER,Mrs Wallis,2
173,19,PER,Mrs Wallis,4
174,13,PER,Sir Walter,13
174,14,PER,Sir Walter,5
175,13,PER,Dowager Viscountess Dalrymple,2
175,14,PER,Dowager Viscountess Dalrymple,1
175,17,PER,Dowager Viscountess Dalrymple,1
176,13,PER,Miss Carteret,1
176,14,PER,Miss Carteret,6
176,16,PER,Miss Carteret,2
176,17,PER,Miss Carteret,3
176,18,PER,Miss Carteret,1
176,20,PER,Miss Carteret,1
176,21,PER,Miss Carteret,1
177,13,PER,the Dalrymples,2
177,14,PER,the Dalrymples,2
177,20,PER,the Dalrymples,1
178,13,PER,the Elliots,1
178,14,PER,the Elliots,1
178,16,PER,the Elliots,1
179,14,PER,Lady Dalrymple,15
179,16,PER,Lady Dalrymple,10
179,17,PER,Lady Dalrymple,10
179,18,PER,Lady Dalrymple,2
179,20,PER,Lady Dalrymple,3
179,21,PER,Lady Dalrymple,1
180,14,PER,Miss Hamilton,21
181,14,PER,Mrs Smith,35
181,15,PER,Mrs Smith,8
181,17,PER,Mrs Smith,16
181,18,PER,Mrs Smith,86
181,19,PER,Mrs Smith,194
181,20,PER,Mrs Smith,18
181,22,PER,Mrs Smith,16
182,14,PER,Nurse Rooke,8
182,18,PER,Nurse Rooke,1
183,14,PER,Mrs Rooke,2
183,18,PER,Mrs Rooke,1
183,19,PER,Mrs Rooke,3
184,15,PER,Sir Henry Russell,1
185,15,PER,Sunday,1
186,15,PER,"Anne,--I",5
187,15,PER,Mary,1
187,16,PER,Mary,9
188,16,PER,Brigden,2
189,16,PER,Admiral Brand,1
190,16,PER,Poor old Sir Archibald,7
192,16,PER,James Benwick,4
193,16,PER,Poor Frederick,4
194,16,PER,Molland,1
195,17,PER,Miss Atkinson,6
196,17,PER,Lady Alicia,1
196,20,PER,Lady Alicia,2
197,17,PER,Mrs Frankland,1
198,17,PER,Irish,1
199,18,PER,Miss Larolles,2
201,18,PER,Italian,1
202,18,PER,The little Durands,7
203,18,PER,The Ibbotsons,1
205,18,PER,Mrs Speed,1
206,19,PER,Charles Smith,1
207,19,PER,"Dear Smith,--I",5
209,19,PER,September,1
210,19,PER,Sir William,1
210,22,PER,Sir William,1
211,20,PER,Mr Smith,5
212,20,PER,the Smiths,3
213,20,PER,Captains Harville,1
215,20,PER,Phoo,1
216,20,PER,Thornberry,1
217,20,PER,the Sultaness Scheherazade,1
218,21,PER,Miss A. E.--,1
219,21,PER,Presently,1
220,0,PER,-1,1
221,0,PER,-1,1
222,0,PER,-1,2
222,1,PER,-1,1
222,4,PER,-1,1
222,5,PER,-1,1
222,9,PER,-1,1
222,12,PER,-1,1
222,13,PER,-1,1
222,14,PER,-1,1
223,0,PER,-1,2
223,3,PER,-1,1
223,4,PER,-1,6
223,5,PER,-1,2
223,7,PER,-1,3
223,8,PER,-1,1
223,9,PER,-1,25
223,10,PER,-1,5
223,11,PER,-1,4
223,12,PER,-1,5
223,16,PER,-1,1
223,19,PER,-1,6
223,20,PER,-1,2
223,21,PER,-1,2
223,22,PER,-1,1
224,0,PER,-1,1
225,0,GPE,-1,1
226,0,PER,-1,1
227,0,PER,-1,1
228,0,PER,-1,1
229,0,PER,-1,1
230,0,PER,-1,1
231,0,PER,-1,2
232,0,PER,-1,1
233,0,PER,-1,1
234,0,PER,-1,1
234,14,PER,-1,1
235,0,PER,-1,2
236,0,PER,-1,1
237,0,PER,-1,1
238,0,LOC,-1,1
238,1,LOC,-1,1
238,2,LOC,-1,2
238,4,LOC,-1,1
238,5,LOC,-1,5
238,7,LOC,-1,2
238,10,LOC,-1,1
238,13,LOC,-1,3
238,14,LOC,-1,5
238,15,LOC,-1,1
238,16,LOC,-1,1
238,17,LOC,-1,1
238,18,LOC,-1,3
238,19,LOC,-1,3
238,21,LOC,-1,3
238,22,LOC,-1,1
239,0,PER,-1,1
239,11,PER,-1,1
239,20,PER,-1,1
239,22,PER,-1,1
240,0,PER,-1,1
240,7,PER,-1,1
240,11,PER,-1,1
240,20,PER,-1,1
241,0,PER,-1,1
242,0,PER,-1,1
243,0,PER,-1,1
243,2,PER,-1,1
243,6,PER,-1,1
244,0,PER,-1,1
245,0,PER,-1,1
246,0,PER,-1,1
247,0,GPE,-1,1
248,0,PER,-1,1
248,7,PER,-1,1
249,0,PER,-1,1
250,0,PER,-1,2
251,0,PER,-1,1
251,4,PER,-1,1
251,15,PER,-1,1
252,0,PER,-1,1
253,0,PER,-1,1
253,1,PER,-1,1
253,2,PER,-1,1
253,4,PER,-1,6
253,9,PER,-1,2
253,10,PER,-1,1
253,11,PER,-1,2
253,12,PER,-1,1
253,14,PER,-1,4
253,15,PER,-1,1
253,17,PER,-1,3
253,19,PER,-1,4
253,20,PER,-1,1
254,0,PER,-1,1
254,13,PER,-1,1
255,0,PER,-1,1
255,5,PER,-1,1
255,9,PER,-1,1
255,11,PER,-1,1
255,14,PER,-1,1
255,16,PER,-1,1
255,20,PER,-1,1
256,0,PER,-1,1
257,0,PER,-1,1
258,0,PER,-1,1
259,0,PER,-1,4
259,16,PER,-1,1
259,21,PER,-1,4
260,0,PER,-1,1
261,0,PER,-1,1
262,0,PER,-1,1
263,0,PER,-1,1
264,0,PER,-1,1
264,1,PER,-1,1
264,11,PER,-1,2
264,12,PER,-1,1
264,15,PER,-1,1
264,16,PER,-1,1
265,0,PER,-1,1
266,0,PER,-1,1
267,0,PER,-1,1
268,0,PER,-1,2
268,5,PER,-1,1
268,20,PER,-1,2
269,0,PER,-1,1
269,6,PER,-1,3
269,8,PER,-1,1
269,11,PER,-1,1
269,12,PER,-1,2
269,13,PER,-1,2
269,19,PER,-1,4
269,20,PER,-1,3
269,21,PER,-1,2
270,0,PER,-1,1
271,0,PER,-1,1
272,0,PER,-1,1
273,0,PER,-1,1
273,5,PER,-1,4
274,0,PER,-1,1
274,9,PER,-1,1
275,0,PER,-1,18
275,1,PER,-1,5
275,2,PER,-1,2
275,3,PER,-1,3
275,4,PER,-1,3
275,7,PER,-1,1
275,9,PER,-1,1
275,10,PER,-1,2
275,11,PER,-1,5
275,12,PER,-1,6
275,13,PER,-1,12
275,14,PER,-1,1
275,15,PER,-1,4
275,17,PER,-1,3
275,18,PER,-1,1
275,19,PER,-1,2
275,20,PER,-1,7
275,21,PER,-1,2
276,0,PER,-1,1
278,0,PER,-1,1
279,0,PER,-1,1
280,0,PER,-1,1
282,0,FAC,-1,1
282,5,FAC,-1,1
282,7,FAC,-1,1
282,11,FAC,-1,1
283,0,FAC,-1,1
285,0,PER,-1,1
286,0,FAC,-1,2
286,1,FAC,-1,1
286,3,FAC,-1,1
286,4,FAC,-1,2
286,5,FAC,-1,5
286,6,FAC,-1,6
286,7,FAC,-1,4
286,8,FAC,-1,3
286,9,FAC,-1,2
286,10,FAC,-1,2
286,11,FAC,-1,9
286,12,FAC,-1,2
286,13,FAC,-1,2
286,14,FAC,-1,3
286,15,FAC,-1,3
286,16,FAC,-1,3
286,17,FAC,-1,1
286,18,FAC,-1,2
286,20,FAC,-1,6
286,21,FAC,-1,7
287,0,FAC,-1,1
288,0,LOC,-1,1
288,1,LOC,-1,2
288,2,LOC,-1,1
288,3,GPE,-1,1
288,3,LOC,-1,3
288,5,GPE,-1,1
288,7,GPE,-1,2
288,8,LOC,-1,1
288,9,LOC,-1,2
288,12,LOC,-1,1
288,15,GPE,-1,1
289,0,FAC,-1,1
290,0,PER,-1,1
292,0,LOC,-1,1
293,0,PER,-1,1
294,0,PER,-1,1
296,0,PER,-1,1
296,21,PER,-1,1
297,0,PER,-1,1
298,0,PER,-1,4
300,0,PER,-1,1
301,0,PER,-1,1
302,0,PER,-1,1
304,0,PER,-1,2
305,0,PER,-1,1
306,0,PER,-1,1
306,19,PER,-1,1
307,0,GPE,-1,2
307,2,GPE,-1,1
307,19,GPE,-1,1
308,0,PER,-1,1
309,0,PER,-1,1
310,0,PER,-1,1
311,0,FAC,-1,1
311,2,FAC,-1,4
311,3,FAC,-1,1
311,5,FAC,-1,1
311,8,FAC,-1,1
311,9,FAC,-1,1
311,11,FAC,-1,6
311,12,FAC,-1,1
311,14,FAC,-1,2
311,15,FAC,-1,1
311,20,FAC,-1,2
311,21,FAC,-1,1
312,0,PER,-1,1
312,3,PER,-1,1
312,22,PER,-1,1
313,0,PER,-1,4
313,1,PER,-1,1
313,4,PER,-1,5
313,11,PER,-1,16
313,12,PER,-1,2
313,14,PER,-1,1
313,17,PER,-1,1
313,19,PER,-1,4
313,20,PER,-1,2
313,21,PER,-1,1
314,0,PER,-1,1
314,19,PER,-1,2
316,0,PER,-1,1
317,0,PER,-1,1
318,0,PER,-1,1
320,0,PER,-1,1
321,0,PER,-1,3
322,0,FAC,-1,1
325,0,FAC,-1,1
326,0,PER,-1,1
327,0,PER,-1,1
328,0,GPE,-1,1
329,0,PER,-1,1
330,0,PER,-1,1
330,2,PER,-1,2
330,13,PER,-1,1
330,21,PER,-1,2
332,0,FAC,-1,1
332,6,FAC,-1,1
332,7,FAC,-1,1
333,0,PER,-1,12
335,0,FAC,-1,1
336,0,FAC,-1,1
337,0,FAC,-1,2
337,12,FAC,-1,1
337,19,FAC,-1,1
338,0,PER,-1,1
339,0,GPE,-1,1
341,0,PER,-1,1
342,0,PER,-1,1
343,0,PER,-1,1
343,4,PER,-1,1
343,5,PER,-1,1
343,8,PER,-1,1
343,19,PER,-1,1
344,0,PER,-1,1
346,0,PER,-1,1
347,0,PER,-1,1
348,1,PER,-1,1
349,1,PER,-1,1
350,1,PER,-1,1
350,2,PER,-1,1
350,7,PER,-1,1
350,22,PER,-1,1
351,1,PER,-1,1
352,1,PER,-1,1
353,1,PER,-1,1
354,1,PER,-1,1
355,1,PER,-1,1
356,1,PER,-1,1
357,1,PER,-1,1
357,4,PER,-1,1
358,1,PER,-1,1
359,1,PER,-1,1
359,10,PER,-1,1
359,20,PER,-1,1
360,1,PER,-1,1
360,3,PER,-1,1
360,5,PER,-1,1
360,6,PER,-1,4
360,8,PER,-1,1
360,9,PER,-1,9
360,11,PER,-1,5
360,12,PER,-1,2
360,13,PER,-1,3
360,15,PER,-1,2
360,16,PER,-1,2
360,17,PER,-1,2
360,20,PER,-1,5
360,21,PER,-1,1
362,1,PER,-1,1
362,10,PER,-1,2
362,20,PER,-1,1
363,1,PER,-1,1
364,1,PER,-1,1
366,1,FAC,-1,1
368,1,FAC,-1,1
369,1,PER,-1,2
370,1,FAC,-1,1
371,1,FAC,-1,1
372,1,FAC,-1,1
373,1,FAC,-1,1
373,4,FAC,-1,1
373,10,FAC,-1,1
374,1,FAC,-1,1
374,15,FAC,-1,2
375,1,PER,-1,3
375,2,PER,-1,1
375,7,PER,-1,1
375,10,PER,-1,6
375,19,PER,-1,1
375,20,PER,-1,1
376,1,PER,-1,2
377,1,PER,-1,1
378,1,FAC,-1,2
378,1,GPE,-1,2
378,2,GPE,-1,2
378,4,FAC,-1,2
378,5,FAC,-1,1
378,7,FAC,-1,1
378,9,FAC,-1,1
378,9,GPE,-1,2
378,11,FAC,-1,1
378,12,FAC,-1,4
378,13,FAC,-1,2
378,16,FAC,-1,1
378,18,FAC,-1,3
378,19,FAC,-1,3
378,20,FAC,-1,1
378,21,FAC,-1,1
379,1,FAC,-1,1
380,1,FAC,-1,1
381,1,FAC,-1,1
381,3,FAC,-1,1
381,4,FAC,-1,1
381,9,FAC,-1,1
381,11,FAC,-1,1
381,12,FAC,-1,2
381,14,FAC,-1,3
385,1,PER,-1,2
386,1,PER,-1,1
386,15,PER,-1,1
386,21,PER,-1,1
388,1,PER,-1,1
389,1,FAC,-1,1
390,1,FAC,-1,1
391,1,FAC,-1,1
392,1,PER,-1,1
392,5,PER,-1,1
392,6,PER,-1,2
392,15,PER,-1,2
392,18,PER,-1,1
392,19,PER,-1,3
392,20,PER,-1,1
392,21,PER,-1,4
392,22,PER,-1,1
393,1,FAC,-1,1
394,1,PER,-1,1
395,1,PER,-1,1
399,1,FAC,-1,1
399,3,FAC,-1,1
399,15,FAC,-1,1
400,1,PER,-1,1
400,4,PER,-1,1
401,1,PER,-1,1
403,1,PER,-1,1
404,1,PER,-1,1
404,21,PER,-1,1
405,1,PER,-1,1
406,1,PER,-1,1
407,1,FAC,-1,1
407,2,FAC,-1,1
407,4,FAC,-1,1
407,5,FAC,-1,1
407,6,FAC,-1,2
407,7,FAC,-1,4
407,8,FAC,-1,1
407,9,FAC,-1,2
407,10,FAC,-1,1
407,12,FAC,-1,3
407,13,FAC,-1,1
407,14,FAC,-1,1
407,15,FAC,-1,2
407,16,FAC,-1,1
407,17,FAC,-1,6
407,18,FAC,-1,1
407,20,FAC,-1,5
407,21,FAC,-1,5
410,2,PER,-1,1
412,2,PER,-1,6
412,3,PER,-1,7
412,5,PER,-1,10
412,6,PER,-1,2
412,7,PER,-1,39
412,8,PER,-1,2
412,9,PER,-1,10
412,11,PER,-1,21
412,16,PER,-1,59
413,2,PER,-1,1
414,2,PER,-1,1
415,2,LOC,-1,1
416,2,GPE,-1,1
417,2,FAC,-1,1
418,2,PER,-1,2
419,2,PER,-1,1
420,2,PER,-1,1
422,2,PER,-1,1
423,2,FAC,-1,1
424,2,PER,-1,1
426,2,FAC,-1,2
427,2,FAC,-1,1
428,2,FAC,-1,1
431,2,PER,-1,1
433,2,PER,-1,1
434,2,PER,-1,1
434,4,PER,-1,1
434,7,PER,-1,1
434,21,PER,-1,2
436,2,PER,-1,2
437,2,PER,-1,1
438,2,PER,-1,1
440,2,PER,-1,1
440,14,PER,-1,1
440,22,PER,-1,1
443,2,PER,-1,1
444,2,PER,-1,1
446,2,FAC,-1,2
446,11,FAC,-1,2
446,13,FAC,-1,1
446,14,FAC,-1,1
446,20,FAC,-1,1
446,21,FAC,-1,1
449,2,PER,-1,1
451,2,PER,-1,1
452,2,PER,-1,1
453,2,PER,-1,1
454,2,GPE,-1,1
454,20,GPE,-1,1
455,2,PER,-1,4
457,2,PER,-1,1
458,2,PER,-1,1
459,2,PER,-1,1
461,2,FAC,-1,1
462,2,PER,-1,1
463,2,PER,-1,1
464,2,PER,-1,1
465,2,PER,-1,1
466,2,PER,-1,1
467,2,PER,-1,1
469,2,PER,-1,5
469,10,PER,-1,1
469,13,PER,-1,1
469,19,PER,-1,1
470,2,PER,-1,1
471,2,PER,-1,1
472,2,PER,-1,1
474,2,PER,-1,1
474,4,PER,-1,1
474,5,PER,-1,16
474,6,PER,-1,1
474,7,PER,-1,1
474,9,PER,-1,1
474,10,PER,-1,1
474,11,PER,-1,3
474,20,PER,-1,8
475,2,VEH,-1,1
475,7,VEH,-1,1
477,2,PER,-1,1
477,4,PER,-1,2
477,5,PER,-1,1
477,6,PER,-1,1
477,7,PER,-1,1
477,8,PER,-1,3
477,11,PER,-1,2
477,13,PER,-1,2
477,16,PER,-1,1
477,17,PER,-1,3
477,20,PER,-1,2
479,3,PER,-1,2
480,3,PER,-1,1
480,7,PER,-1,1
480,10,PER,-1,1
480,11,PER,-1,1
480,17,PER,-1,2
480,19,PER,-1,1
482,3,PER,-1,1
483,3,PER,-1,1
484,3,PER,-1,1
485,3,GPE,-1,1
485,7,GPE,-1,1
488,3,PER,-1,1
489,3,PER,-1,4
490,3,PER,-1,1
490,4,PER,-1,1
490,6,PER,-1,2
490,9,PER,-1,2
490,10,PER,-1,2
490,11,PER,-1,2
490,14,PER,-1,1
490,16,PER,-1,2
490,20,PER,-1,2
490,21,PER,-1,1
491,3,PER,-1,2
493,3,PER,-1,12
494,3,PER,-1,1
495,3,PER,-1,1
496,3,PER,-1,2
497,3,PER,-1,1
499,3,PER,-1,1
500,3,PER,-1,1
501,3,PER,-1,1
502,3,PER,-1,2
504,3,PER,-1,1
504,12,PER,-1,1
504,13,PER,-1,1
504,15,PER,-1,2
505,3,PER,-1,1
506,3,PER,-1,1
507,3,PER,-1,1
509,3,FAC,-1,1
510,3,PER,-1,1
510,11,PER,-1,1
510,20,PER,-1,1
510,21,PER,-1,1
512,3,PER,-1,1
513,3,FAC,-1,1
514,3,PER,-1,1
515,3,PER,-1,1
516,3,PER,-1,1
516,11,PER,-1,2
517,3,PER,-1,1
517,8,PER,-1,9
517,20,PER,-1,4
521,3,FAC,-1,1
522,3,PER,-1,1
524,3,PER,-1,1
525,3,PER,-1,2
528,3,PER,-1,5
530,3,FAC,-1,1
534,3,GPE,-1,1
535,3,PER,-1,1
539,4,PER,-1,3
541,4,PER,-1,1
542,4,VEH,-1,1
543,4,PER,-1,1
543,6,PER,-1,1
543,9,PER,-1,3
543,11,PER,-1,1
543,13,PER,-1,1
543,17,PER,-1,4
543,20,PER,-1,1
544,4,PER,-1,2
545,4,PER,-1,1
546,4,FAC,-1,1
546,11,FAC,-1,1
547,4,PER,-1,1
547,10,PER,-1,1
547,11,PER,-1,1
547,12,PER,-1,1
547,13,PER,-1,1
547,14,PER,-1,3
547,15,PER,-1,4
547,16,PER,-1,2
547,17,PER,-1,10
547,18,PER,-1,2
547,19,PER,-1,1
547,20,PER,-1,3
547,22,PER,-1,1
549,4,FAC,-1,1
550,4,GPE,-1,1
552,4,GPE,-1,1
553,4,FAC,-1,1
554,4,FAC,-1,1
555,4,PER,-1,1
556,4,PER,-1,1
557,4,FAC,-1,2
558,4,PER,-1,2
559,4,FAC,-1,4
560,4,PER,-1,1
561,4,FAC,-1,1
562,4,FAC,-1,1
563,4,FAC,-1,1
564,4,PER,-1,1
565,4,FAC,-1,5
565,5,FAC,-1,4
565,6,FAC,-1,1
565,9,FAC,-1,1
565,15,FAC,-1,1
566,4,PER,-1,1
566,7,PER,-1,1
566,9,PER,-1,1
566,20,PER,-1,2
568,4,FAC,-1,1
569,4,PER,-1,1
570,4,PER,-1,1
571,4,FAC,-1,1
575,4,PER,-1,6
576,4,PER,-1,1
577,4,PER,-1,1
579,4,PER,-1,18
580,4,FAC,-1,1
581,4,PER,-1,1
582,4,PER,-1,1
583,4,PER,-1,1
584,4,FAC,-1,1
585,4,PER,-1,1
585,5,PER,-1,2
585,11,PER,-1,1
587,4,PER,-1,1
587,9,PER,-1,8
587,20,PER,-1,2
588,4,PER,Mr,1
589,4,PER,-1,1
590,4,PER,-1,2
590,20,PER,-1,1
591,4,PER,-1,1
592,4,PER,-1,1
593,4,PER,-1,1
595,4,PER,-1,1
597,4,PER,-1,1
598,4,PER,-1,1
599,4,PER,-1,1
601,4,PER,-1,1
604,4,PER,-1,1
605,4,PER,-1,6
606,4,FAC,-1,1
606,11,FAC,-1,1
607,4,PER,-1,3
608,4,PER,-1,1
609,4,PER,-1,1
611,4,PER,-1,1
612,4,FAC,-1,1
612,5,FAC,-1,3
612,6,FAC,-1,3
612,7,FAC,-1,2
612,8,FAC,-1,1
612,9,FAC,-1,1
612,11,FAC,-1,4
612,12,FAC,-1,1
613,4,PER,-1,1
614,4,PER,-1,10
614,9,PER,-1,1
614,11,PER,-1,1
614,12,PER,-1,5
615,4,PER,-1,1
617,4,PER,-1,4
618,4,PER,-1,1
620,4,PER,-1,1
621,4,PER,-1,1
621,19,PER,-1,1
626,4,PER,-1,1
627,4,FAC,-1,1
629,5,PER,-1,10
630,5,PER,-1,5
632,5,PER,-1,1
634,5,PER,-1,1
636,5,PER,-1,9
637,5,PER,-1,1
639,5,PER,-1,1
640,5,PER,-1,1
642,5,PER,Mr,1
643,5,PER,-1,1
643,7,PER,-1,1
644,5,PER,-1,1
646,5,PER,-1,1
648,5,PER,Mr,1
649,5,PER,-1,1
650,5,PER,-1,1
652,5,PER,-1,1
654,5,PER,-1,1
654,7,PER,-1,1
654,8,PER,-1,4
654,10,PER,-1,1
654,11,PER,-1,1
654,12,PER,-1,5
654,14,PER,-1,4
654,15,PER,-1,1
654,19,PER,-1,1
654,20,PER,-1,2
655,5,PER,-1,1
656,5,PER,-1,1
657,5,PER,-1,1
658,5,PER,-1,1
658,6,PER,-1,4
658,21,PER,-1,1
659,5,PER,-1,4
660,5,PER,-1,1
661,5,PER,-1,1
662,5,FAC,-1,1
664,5,PER,-1,1
665,5,PER,-1,1
665,8,PER,-1,1
668,5,PER,-1,1
668,7,PER,-1,3
670,5,PER,-1,1
671,5,LOC,-1,3
671,6,LOC,-1,4
671,7,LOC,-1,1
671,9,LOC,-1,1
671,10,LOC,-1,1
674,5,PER,-1,1
675,5,PER,-1,3
676,5,PER,-1,1
678,5,PER,-1,2
679,5,PER,-1,1
679,16,PER,-1,1
679,18,PER,-1,1
679,20,PER,-1,1
680,5,PER,-1,1
681,5,FAC,-1,3
681,6,FAC,-1,2
682,5,PER,-1,5
685,5,VEH,-1,1
686,5,VEH,-1,1
686,9,VEH,-1,2
686,10,VEH,-1,1
686,11,VEH,-1,2
686,12,VEH,-1,1
686,15,VEH,-1,1
686,16,VEH,-1,2
686,17,VEH,-1,1
687,5,PER,-1,25
689,5,LOC,-1,1
689,6,LOC,-1,1
689,21,LOC,-1,1
691,5,PER,-1,2
691,6,PER,-1,2
691,7,PER,-1,1
693,5,PER,-1,1
694,5,PER,-1,1
695,5,VEH,-1,1
696,5,PER,-1,2
700,5,PER,-1,17
702,5,VEH,-1,1
703,5,PER,-1,1
703,6,PER,-1,3
704,5,PER,-1,1
706,5,PER,-1,1
707,5,PER,-1,1
707,17,PER,-1,1
709,5,FAC,-1,1
712,5,PER,-1,1
714,5,PER,-1,21
714,6,PER,-1,10
714,7,PER,-1,1
714,8,PER,-1,1
715,5,PER,-1,2
718,5,PER,-1,1
719,5,PER,-1,1
721,5,PER,-1,1
722,5,PER,-1,1
727,5,PER,-1,18
729,5,PER,-1,1
730,5,PER,-1,2
731,5,PER,-1,1
732,5,PER,-1,2
732,10,PER,-1,1
734,5,PER,-1,1
738,5,PER,-1,2
738,8,PER,-1,5
740,5,PER,-1,1
740,20,PER,-1,1
741,5,PER,-1,3
741,6,PER,-1,2
741,8,PER,-1,1
744,5,PER,-1,1
748,5,PER,-1,1
751,5,FAC,-1,1
753,5,PER,-1,1
754,5,PER,-1,1
756,5,PER,-1,27
756,6,PER,-1,9
758,6,FAC,-1,1
758,7,FAC,-1,1
758,8,FAC,-1,1
758,11,FAC,-1,1
759,6,PER,-1,1
761,6,PER,-1,4
767,6,PER,-1,6
773,6,PER,-1,1
783,6,PER,-1,1
784,6,PER,-1,1
785,6,LOC,-1,1
787,6,PER,-1,1
789,6,PER,-1,2
790,6,PER,-1,4
791,6,FAC,-1,1
791,11,FAC,-1,1
794,6,PER,-1,57
795,6,PER,-1,2
797,6,PER,-1,1
799,6,PER,-1,1
800,6,PER,-1,1
801,6,PER,-1,3
801,7,PER,-1,1
801,9,PER,-1,1
801,11,PER,-1,2
801,16,PER,-1,1
801,17,PER,-1,1
802,6,PER,-1,1
803,6,PER,-1,7
804,6,FAC,-1,1
804,7,FAC,-1,2
806,6,PER,-1,2
806,8,PER,-1,37
808,6,PER,-1,1
809,6,FAC,-1,1
810,6,PER,-1,1
810,11,PER,-1,1
811,6,PER,-1,1
812,6,PER,-1,2
812,9,PER,-1,1
812,11,PER,-1,1
812,14,PER,-1,1
815,6,PER,-1,2
817,6,PER,-1,1
818,6,PER,-1,1
820,6,PER,-1,1
821,6,VEH,-1,1
822,6,VEH,-1,1
825,6,PER,-1,16
826,6,PER,-1,2
827,6,PER,-1,3
829,6,PER,-1,3
830,6,PER,-1,1
831,6,PER,-1,1
832,6,PER,-1,10
833,6,PER,-1,2
836,6,PER,-1,1
837,6,PER,-1,1
837,20,PER,-1,1
839,6,PER,-1,1
840,6,PER,-1,1
841,6,PER,-1,2
842,7,PER,-1,1
843,7,PER,-1,1
844,7,PER,-1,1
850,7,PER,-1,1
851,7,VEH,-1,1
855,7,PER,-1,1
857,7,PER,-1,1
858,7,PER,-1,1
859,7,PER,-1,1
860,7,PER,-1,3
861,7,PER,-1,1
862,7,PER,-1,1
863,7,FAC,-1,1
868,7,PER,-1,1
868,11,PER,-1,1
871,7,PER,-1,1
872,7,PER,-1,1
872,19,PER,-1,1
873,7,PER,-1,1
874,7,PER,-1,1
877,7,PER,-1,7
878,7,PER,-1,1
879,7,PER,-1,1
880,7,PER,-1,1
881,7,PER,-1,1
882,7,PER,-1,1
883,7,PER,-1,1
884,7,FAC,-1,1
887,7,FAC,-1,1
889,7,PER,-1,1
890,7,PER,-1,4
890,12,PER,-1,1
890,22,PER,-1,1
892,7,PER,-1,1
894,7,PER,-1,6
895,7,PER,-1,1
896,7,PER,-1,1
897,7,PER,-1,1
899,7,PER,-1,1
901,7,PER,-1,1
906,7,PER,-1,1
907,7,FAC,-1,1
907,8,FAC,-1,1
909,7,PER,-1,1
910,7,ORG,-1,1
912,7,PER,-1,1
913,7,PER,-1,1
916,7,PER,-1,2
916,16,PER,-1,1
916,17,PER,-1,1
916,18,PER,-1,1
916,22,PER,-1,1
917,7,PER,-1,2
919,7,PER,-1,1
923,7,PER,-1,1
924,7,PER,-1,1
925,7,PER,-1,1
926,7,PER,-1,1
928,7,PER,-1,1
929,7,PER,-1,1
930,7,PER,-1,1
931,7,FAC,-1,1
931,7,PER,-1,1
932,7,PER,-1,2
933,7,PER,-1,1
934,7,PER,-1,1
937,7,PER,-1,1
938,7,PER,-1,4
941,8,PER,-1,1
942,8,PER,-1,1
943,8,PER,-1,1
944,8,FAC,-1,1
947,8,PER,-1,13
948,8,PER,-1,1
949,8,PER,-1,1
950,8,PER,-1,1
952,8,PER,-1,1
953,8,PER,-1,1
954,8,PER,-1,1
954,11,PER,-1,2
956,8,PER,-1,1
957,8,PER,-1,1
959,8,PER,-1,2
961,8,PER,-1,1
963,8,PER,-1,1
964,8,PER,-1,1
965,8,PER,-1,6
966,8,PER,-1,1
967,8,FAC,-1,1
967,16,FAC,-1,1
968,8,PER,Mr,1
970,8,PER,-1,4
972,8,PER,-1,1
974,8,FAC,-1,1
975,8,PER,-1,2
981,8,PER,-1,1
981,10,PER,-1,5
983,8,FAC,-1,1
986,8,PER,-1,1
987,8,PER,-1,1
989,8,PER,-1,2
990,8,PER,-1,6
991,8,FAC,-1,1
994,8,LOC,-1,1
995,8,PER,-1,2
997,8,FAC,-1,1
998,8,PER,-1,1
999,8,LOC,-1,1
1000,8,LOC,-1,1
1001,8,LOC,-1,1
1002,8,FAC,-1,1
1003,8,FAC,-1,1
1004,8,FAC,-1,1
1005,8,PER,-1,1
1005,17,PER,-1,1
1009,8,PER,-1,9
1009,9,PER,-1,1
1009,13,PER,-1,3
1009,19,PER,-1,1
1009,20,PER,-1,3
1010,8,PER,-1,11
1011,8,PER,-1,1
1012,8,PER,-1,1
1012,10,PER,-1,1
1012,14,PER,-1,1
1012,16,PER,-1,2
1013,8,PER,-1,1
1014,8,LOC,-1,1
1015,8,LOC,-1,3
1015,10,LOC,-1,1
1016,8,PER,-1,1
1018,8,LOC,-1,1
1020,8,LOC,-1,1
1021,8,FAC,-1,1
1022,8,FAC,-1,1
1023,8,LOC,-1,1
1024,8,LOC,-1,1
1025,8,PER,-1,11
1026,8,PER,-1,2
1026,9,PER,-1,1
1027,9,PER,-1,1
1028,9,PER,-1,9
1029,9,FAC,-1,1
1030,9,PER,-1,1
1034,9,LOC,-1,1
1035,9,LOC,-1,1
1036,9,PER,-1,1
1038,9,PER,-1,8
1039,9,LOC,-1,1
1040,9,FAC,-1,1
1045,9,PER,-1,2
1047,9,PER,-1,1
1048,9,FAC,-1,2
1054,9,PER,-1,3
1057,9,PER,-1,2
1058,9,PER,-1,1
1058,20,PER,-1,3
1059,9,PER,-1,12
1060,9,FAC,-1,1
1062,9,PER,-1,8
1064,9,VEH,-1,1
1066,9,GPE,-1,1
1067,9,FAC,-1,1
1069,9,PER,-1,1
1070,9,FAC,-1,1
1071,9,FAC,-1,1
1072,9,PER,-1,3
1075,9,PER,-1,4
1075,12,PER,-1,1
1075,16,PER,-1,2
1075,17,PER,-1,2
1075,19,PER,-1,2
1075,20,PER,-1,3
1077,9,PER,-1,2
1080,9,LOC,-1,1
1086,9,GPE,-1,1
1089,9,VEH,-1,1
1090,9,VEH,-1,1
1091,9,PER,-1,1
1092,9,VEH,-1,1
1093,9,LOC,-1,1
1094,9,FAC,-1,1
1095,9,GPE,-1,3
1095,10,GPE,-1,1
1095,11,GPE,-1,2
1095,16,GPE,-1,1
1095,21,GPE,-1,2
1096,9,FAC,-1,1
1097,9,FAC,-1,1
1099,9,GPE,-1,1
1100,9,FAC,-1,2
1100,17,FAC,-1,2
1101,9,PER,-1,1
1102,9,PER,-1,1
1103,9,PER,-1,1
1104,9,FAC,-1,1
1106,9,FAC,-1,1
1107,9,LOC,-1,1
1108,9,LOC,-1,1
1109,9,LOC,-1,1
1111,9,PER,-1,1
1112,9,PER,-1,2
1113,9,LOC,-1,1
1114,9,FAC,-1,1
1115,9,LOC,-1,1
1116,9,LOC,-1,1
1117,9,LOC,-1,1
1118,9,LOC,-1,1
1119,9,GPE,-1,1
1120,9,LOC,-1,1
1121,9,PER,-1,1
1122,9,LOC,-1,1
1123,9,GPE,-1,1
1124,9,PER,-1,3
1125,9,FAC,-1,1
1126,9,LOC,-1,1
1127,9,PER,-1,1
1127,10,PER,-1,2
1127,11,PER,-1,1
1127,17,PER,-1,1
1129,9,FAC,-1,2
1130,9,FAC,-1,1
1131,9,FAC,-1,1
1135,9,PER,-1,1
1137,9,PER,-1,1
1138,9,PER,-1,1
1138,20,PER,-1,1
1139,9,PER,-1,1
1140,9,PER,-1,1
1141,9,PER,-1,1
1142,9,PER,-1,2
1143,9,PER,-1,3
1144,9,PER,-1,1
1146,9,PER,-1,1
1146,10,PER,-1,1
1146,21,PER,-1,5
1147,9,PER,-1,1
1147,19,PER,-1,7
1147,21,PER,-1,10
1148,9,FAC,-1,1
1149,9,FAC,-1,1
1152,9,PER,-1,13
1153,9,PER,-1,1
1154,9,PER,-1,1
1155,9,PER,-1,1
1157,9,PER,-1,1
1158,9,PER,-1,1
1159,9,FAC,-1,2
1159,10,FAC,-1,1
1159,11,FAC,-1,5
1160,9,ORG,-1,1
1161,9,PER,-1,1
1162,9,PER,-1,1
1163,9,PER,-1,1
1164,9,PER,-1,1
1165,9,FAC,-1,1
1167,9,PER,-1,1
1168,9,LOC,-1,1
1169,9,PER,-1,1
1172,9,PER,-1,9
1176,9,PER,-1,1
1177,9,PER,-1,1
1179,9,PER,-1,1
1180,9,PER,-1,3
1180,10,PER,-1,1
1180,11,PER,-1,1
1180,20,PER,-1,7
1186,9,PER,-1,1
1187,9,PER,-1,1
1188,9,PER,-1,1
1189,9,PER,-1,1
1190,9,PER,-1,1
1191,9,PER,-1,1
1192,9,PER,-1,1
1193,9,PER,-1,1
1194,10,PER,-1,1
1195,10,PER,-1,1
1196,10,PER,-1,1
1197,10,PER,-1,1
1198,10,PER,-1,3
1199,10,PER,-1,1
1201,10,LOC,-1,1
1201,12,LOC,-1,1
1202,10,LOC,-1,1
1204,10,PER,-1,1
1206,10,PER,-1,1
1207,10,PER,-1,1
1208,10,PER,-1,1
1209,10,PER,-1,1
1211,10,PER,-1,1
1212,10,PER,-1,1
1213,10,PER,-1,1
1214,10,PER,-1,1
1215,10,PER,-1,8
1216,10,FAC,-1,1
1218,10,LOC,-1,1
1221,10,PER,-1,1
1222,10,PER,-1,1
1223,10,PER,-1,7
1225,10,FAC,-1,1
1226,10,FAC,-1,1
1226,20,FAC,-1,2
1227,10,PER,-1,10
1228,10,FAC,-1,1
1229,10,PER,-1,1
1230,10,PER,-1,1
1231,10,FAC,-1,1
1232,10,PER,-1,2
1233,10,PER,-1,1
1235,10,FAC,-1,1
1235,13,FAC,-1,1
1237,10,PER,-1,1
1238,10,PER,-1,1
1240,10,PER,-1,1
1242,10,VEH,-1,1
1243,10,FAC,-1,1
1244,10,PER,-1,1
1244,16,PER,-1,1
1245,10,PER,-1,1
1246,10,PER,-1,1
1248,10,PER,-1,3
1249,10,FAC,-1,1
1251,10,PER,-1,3
1253,10,PER,-1,2
1253,11,PER,-1,1
1256,10,PER,-1,1
1256,18,PER,-1,1
1258,10,PER,-1,8
1259,10,PER,-1,5
1262,10,PER,-1,1
1264,10,FAC,-1,1
1267,10,PER,-1,12
1269,10,FAC,-1,1
1269,11,FAC,-1,1
1269,16,FAC,-1,2
1269,17,FAC,-1,2
1270,10,PER,-1,1
1271,10,PER,-1,1
1271,20,PER,-1,1
1274,10,PER,-1,13
1277,10,FAC,-1,1
1280,10,PER,-1,1
1281,10,PER,-1,1
1283,10,PER,-1,1
1285,10,PER,-1,2
1286,11,PER,-1,1
1289,11,PER,-1,1
1290,11,PER,-1,1
1291,11,PER,-1,1
1292,11,PER,-1,2
1295,11,PER,-1,1
1296,11,PER,-1,1
1297,11,PER,-1,1
1299,11,PER,-1,1
1300,11,PER,-1,1
1301,11,PER,-1,1
1302,11,PER,-1,1
1304,11,PER,-1,23
1305,11,FAC,-1,3
1305,12,FAC,-1,1
1310,11,PER,-1,9
1320,11,FAC,-1,1
1322,11,PER,-1,1
1323,11,FAC,-1,1
1324,11,PER,-1,1
1325,11,PER,-1,1
1326,11,PER,-1,1
1327,11,PER,-1,3
1330,11,FAC,-1,3
1335,11,PER,-1,11
1336,11,PER,-1,1
1336,16,PER,-1,1
1337,11,PER,Mr,1
1338,11,PER,-1,1
1340,11,VEH,-1,1
1342,11,PER,-1,1
1342,20,PER,-1,1
1342,21,PER,-1,3
1344,11,FAC,-1,1
1348,11,PER,-1,1
1350,11,PER,-1,6
1353,11,PER,-1,1
1354,11,PER,-1,1
1354,12,PER,-1,1
1354,18,PER,-1,1
1354,21,PER,-1,1
1355,11,PER,-1,1
1356,11,FAC,-1,1
1360,11,PER,-1,1
1361,11,PER,-1,3
1362,11,PER,-1,1
1362,16,PER,-1,3
1362,20,PER,-1,1
1364,11,PER,-1,4
1365,11,PER,-1,7
1366,11,LOC,-1,1
1367,11,FAC,-1,1
1367,12,FAC,-1,1
1368,11,FAC,-1,1
1369,11,LOC,-1,1
1372,11,PER,-1,1
1373,11,PER,-1,3
1374,11,VEH,-1,1
1375,11,FAC,-1,2
1376,11,PER,-1,1
1377,11,PER,Mr,1
1378,11,PER,-1,1
1378,14,PER,-1,1
1382,11,PER,-1,4
1383,11,PER,-1,1
1385,11,PER,-1,1
1387,11,PER,-1,1
1388,11,PER,-1,1
1388,22,PER,-1,1
1389,11,FAC,-1,1
1391,11,FAC,-1,2
1392,11,PER,-1,1
1393,11,PER,-1,1
1394,11,FAC,-1,1
1396,11,PER,-1,1
1399,11,FAC,-1,1
1402,11,FAC,-1,1
1404,11,LOC,-1,1
1405,11,FAC,-1,1
1406,11,FAC,-1,1
1407,11,FAC,-1,1
1409,11,PER,-1,1
1410,11,PER,-1,1
1412,11,PER,-1,4
1415,11,FAC,-1,1
1417,11,FAC,-1,1
1418,11,PER,-1,1
1419,11,FAC,-1,1
1421,11,PER,-1,5
1422,11,PER,-1,1
1424,11,PER,-1,1
1426,11,PER,-1,1
1428,11,FAC,-1,1
1431,11,PER,-1,1
1432,11,PER,-1,1
1434,11,PER,-1,1
1439,11,LOC,-1,1
1440,11,GPE,-1,1
1443,11,PER,-1,1
1449,11,PER,-1,1
1451,11,PER,-1,2
1452,11,PER,-1,2
1453,11,PER,-1,1
1454,11,FAC,-1,1
1455,11,FAC,-1,1
1456,11,FAC,-1,1
1457,11,PER,-1,1
1458,11,FAC,-1,1
1459,11,PER,-1,1
1460,12,PER,-1,1
1461,12,PER,-1,1
1463,12,FAC,-1,1
1465,12,PER,-1,3
1466,12,PER,-1,1
1467,12,PER,-1,1
1469,12,PER,-1,2
1470,12,PER,-1,2
1472,12,FAC,-1,1
1475,12,LOC,-1,1
1476,12,PER,-1,3
1477,12,PER,-1,1
1479,12,PER,-1,1
1480,12,PER,-1,1
1487,12,PER,-1,1
1490,12,PER,-1,1
1490,16,PER,-1,1
1490,21,PER,-1,1
1493,12,FAC,-1,1
1494,12,FAC,-1,1
1495,12,VEH,-1,1
1496,12,PER,-1,1
1497,12,PER,-1,1
1498,12,PER,-1,1
1500,12,FAC,-1,1
1500,12,PER,-1,2
1501,12,FAC,-1,1
1501,13,FAC,-1,2
1501,16,FAC,-1,1
1503,12,PER,-1,1
1504,12,PER,-1,1
1505,12,FAC,-1,1
1506,12,FAC,-1,1
1507,12,PER,-1,1
1509,12,PER,-1,1
1513,12,PER,-1,23
1515,12,FAC,-1,1
1517,12,FAC,-1,1
1522,12,PER,-1,1
1523,12,FAC,-1,1
1524,12,GPE,-1,1
1525,12,FAC,-1,1
1526,12,FAC,-1,1
1527,12,PER,-1,1
1531,12,PER,-1,1
1532,12,PER,-1,1
1533,12,PER,-1,1
1534,12,PER,-1,1
1535,12,PER,-1,1
1536,12,PER,-1,1
1538,12,PER,-1,1
1539,12,PER,-1,1
1541,12,PER,-1,1
1542,12,PER,-1,1
1544,12,PER,-1,1
1545,12,PER,-1,1
1546,12,PER,-1,3
1547,12,PER,-1,1
1548,12,PER,-1,1
1549,12,PER,-1,1
1550,12,PER,-1,1
1550,16,PER,-1,1
1553,12,PER,-1,1
1555,12,PER,-1,1
1556,13,PER,-1,4
1557,13,PER,-1,1
1558,13,PER,-1,2
1559,13,PER,-1,1
1560,13,PER,-1,1
1562,13,PER,-1,1
1563,13,PER,-1,1
1565,13,PER,-1,1
1568,13,PER,-1,2
1569,13,PER,-1,1
1570,13,PER,-1,1
1570,17,PER,-1,1
1571,13,PER,-1,8
1572,13,PER,-1,1
1574,13,PER,-1,1
1576,13,PER,-1,1
1578,13,FAC,-1,1
1579,13,PER,-1,1
1584,13,PER,-1,4
1585,13,PER,-1,1
1586,13,PER,-1,1
1596,13,PER,-1,1
1597,13,PER,-1,1
1599,13,PER,-1,1
1601,13,PER,-1,1
1602,13,PER,-1,1
1603,13,PER,-1,1
1604,13,PER,-1,1
1610,13,PER,-1,1
1611,13,PER,-1,4
1613,13,PER,-1,1
1617,13,PER,-1,3
1617,14,PER,-1,3
1618,13,PER,-1,1
1618,14,PER,-1,1
1618,20,PER,-1,2
1619,13,PER,-1,1
1622,13,PER,-1,1
1623,14,PER,-1,1
1624,14,PER,-1,1
1626,14,PER,-1,1
1627,14,PER,-1,1
1629,14,PER,-1,1
1630,14,PER,-1,1
1631,14,PER,-1,13
1635,14,PER,-1,1
1636,14,PER,-1,16
1639,14,PER,-1,2
1641,14,PER,-1,3
1642,14,PER,-1,1
1644,14,PER,-1,1
1646,14,PER,-1,1
1649,14,PER,-1,1
1650,14,PER,-1,5
1651,14,PER,-1,1
1652,14,PER,-1,1
1654,14,FAC,-1,1
1655,14,PER,-1,1
1657,14,PER,-1,1
1659,14,FAC,-1,1
1661,14,PER,-1,1
1663,14,PER,-1,1
1664,14,PER,-1,1
1665,14,PER,-1,1
1666,14,PER,-1,1
1667,14,PER,-1,1
1668,14,PER,-1,1
1671,14,PER,-1,1
1672,14,FAC,-1,1
1673,14,FAC,-1,1
1674,14,FAC,-1,1
1675,14,PER,-1,1
1678,14,PER,-1,1
1680,14,PER,-1,1
1681,14,PER,-1,1
1682,14,FAC,-1,1
1684,14,PER,-1,1
1686,14,PER,-1,2
1687,14,PER,-1,1
1687,19,PER,-1,1
1688,14,PER,-1,1
1691,14,FAC,-1,1
1693,14,PER,-1,2
1693,20,PER,-1,1
1694,14,PER,-1,3
1695,14,PER,-1,1
1699,14,PER,-1,2
1701,14,PER,-1,1
1704,15,PER,-1,3
1706,15,PER,-1,1
1708,15,PER,-1,1
1709,15,PER,-1,1
1710,15,PER,-1,1
1710,16,PER,-1,1
1713,15,PER,-1,1
1714,15,PER,-1,1
1715,15,PER,-1,1
1722,15,PER,-1,1
1723,15,PER,-1,1
1725,15,PER,-1,1
1727,15,PER,-1,1
1729,15,PER,-1,1
1730,15,PER,-1,1
1732,15,PER,-1,1
1733,15,PER,-1,1
1736,15,PER,-1,1
1739,15,PER,-1,1
1741,15,PER,-1,1
1742,15,PER,-1,1
1745,16,PER,-1,1
1747,16,LOC,-1,1
1748,16,PER,-1,1
1749,16,FAC,-1,1
1752,16,PER,-1,10
1753,16,PER,-1,1
1755,16,PER,-1,1
1757,16,PER,-1,1
1759,16,PER,-1,1
1760,16,PER,-1,1
1761,16,PER,-1,2
1761,21,PER,-1,1
1762,16,PER,-1,1
1763,16,FAC,-1,1
1766,16,VEH,-1,1
1770,16,PER,-1,1
1773,16,LOC,-1,1
1776,16,PER,-1,1
1777,16,PER,-1,7
1778,16,PER,-1,7
1783,16,PER,-1,1
1784,16,PER,-1,4
1787,16,VEH,-1,1
1787,17,VEH,-1,1
1791,16,PER,-1,1
1792,16,PER,-1,1
1794,16,PER,-1,3
1799,16,PER,-1,1
1803,16,PER,-1,1
1804,16,PER,-1,1
1805,16,PER,-1,1
1807,16,PER,-1,4
1809,16,PER,-1,1
1815,17,PER,-1,1
1819,17,PER,-1,2
1820,17,PER,-1,1
1821,17,PER,-1,1
1822,17,PER,-1,4
1823,17,PER,-1,2
1825,17,PER,-1,1
1828,17,PER,-1,1
1829,17,PER,-1,1
1830,17,PER,-1,1
1832,17,PER,-1,1
1833,17,FAC,-1,1
1833,20,FAC,-1,1
1835,17,PER,-1,2
1836,17,PER,-1,1
1837,17,PER,-1,1
1838,17,PER,-1,10
1839,17,PER,-1,1
1841,17,FAC,-1,1
1841,18,FAC,-1,1
1841,21,FAC,-1,1
1842,17,PER,-1,1
1843,17,PER,-1,1
1844,17,FAC,-1,1
1847,17,PER,-1,6
1850,17,PER,-1,1
1851,17,PER,-1,4
1852,17,PER,-1,1
1853,17,PER,-1,1
1856,17,PER,-1,1
1859,17,PER,-1,1
1860,17,PER,-1,1
1861,17,FAC,-1,2
1861,20,FAC,-1,1
1862,17,PER,-1,8
1866,17,PER,-1,16
1867,17,PER,-1,2
1872,17,PER,-1,1
1873,17,PER,-1,1
1874,17,PER,-1,2
1876,17,PER,-1,1
1878,17,PER,-1,1
1879,17,PER,-1,1
1879,19,FAC,-1,1
1882,17,PER,-1,1
1885,17,FAC,-1,1
1885,21,FAC,-1,1
1886,17,PER,-1,2
1887,18,PER,-1,1
1888,18,PER,-1,1
1891,18,PER,-1,1
1892,18,FAC,-1,1
1893,18,PER,-1,5
1894,18,PER,-1,5
1896,18,PER,-1,1
1896,19,PER,-1,1
1896,20,PER,-1,1
1897,18,FAC,-1,1
1899,18,PER,-1,1
1901,18,PER,-1,1
1903,18,ORG,-1,1
1903,21,PER,-1,1
1904,18,PER,-1,1
1906,18,PER,-1,6
1907,18,PER,-1,1
1908,19,PER,-1,1
1913,20,PER,-1,4
1917,20,PER,-1,1
1919,20,PER,-1,1
1921,20,PER,-1,1
1923,20,PER,-1,1
1924,20,PER,-1,3
1927,20,LOC,-1,1
1927,22,LOC,-1,1
1928,20,GPE,-1,2
1929,20,PER,-1,1
1931,20,PER,-1,1
1932,20,LOC,-1,1
1933,20,PER,-1,1
1935,20,PER,-1,1
1936,20,PER,-1,1
1937,20,PER,-1,9
1938,20,PER,-1,1
1947,20,PER,-1,1
1948,20,PER,-1,1
1949,20,PER,-1,1
1952,20,PER,-1,1
1953,20,FAC,-1,1
1954,20,PER,-1,1
1956,20,PER,-1,1
1957,20,PER,-1,1
1958,20,PER,-1,2
1962,20,PER,-1,1
1963,20,PER,-1,1
1966,20,PER,-1,8
1968,20,PER,-1,1
1970,20,FAC,-1,1
1971,20,PER,-1,1
1975,20,PER,-1,5
1976,20,PER,-1,1
1979,20,PER,-1,1
1982,20,PER,-1,1
1985,20,PER,-1,5
1986,20,PER,-1,11
1988,20,PER,-1,1
1992,20,FAC,-1,1
1993,20,PER,-1,1
1995,20,PER,-1,1
1996,20,PER,-1,1
1997,20,PER,-1,1
1998,20,PER,-1,6
1999,20,PER,-1,1
2000,20,PER,-1,1
2001,20,PER,-1,1
2004,20,PER,-1,1
2007,20,PER,-1,1
2009,20,FAC,-1,1
2010,20,FAC,-1,1
2012,20,PER,-1,12
2014,20,PER,-1,1
2015,20,PER,-1,1
2017,20,PER,-1,1
2020,20,PER,-1,1
2021,20,PER,-1,1
2022,20,PER,-1,5
2023,20,PER,-1,1
2024,20,PER,-1,1
2025,20,PER,-1,5
2026,20,PER,-1,2
2028,20,PER,-1,4
2031,20,FAC,-1,2
2032,20,FAC,-1,1
2037,20,PER,-1,1
2042,20,PER,-1,1
2043,20,PER,-1,1
2044,20,FAC,-1,1
2045,20,PER,-1,3
2050,20,PER,-1,1
2051,20,FAC,-1,1
2054,20,FAC,-1,1
2055,20,PER,-1,1
2056,20,PER,-1,3
2058,20,PER,-1,1
2059,20,PER,-1,1
2062,21,PER,-1,1
2065,21,FAC,-1,1
2066,21,PER,-1,3
2068,21,PER,-1,1
2069,21,PER,-1,6
2070,21,PER,-1,5
2072,21,PER,-1,2
2073,21,PER,-1,1
2077,21,LOC,-1,1
2078,21,PER,-1,1
2079,21,PER,-1,17
2080,21,PER,-1,4
2085,21,PER,-1,7
2087,21,PER,-1,1
2088,21,PER,-1,2
2089,21,PER,-1,9
2090,21,FAC,-1,1
2091,21,PER,-1,1
2092,21,PER,-1,1
2093,21,PER,-1,1
2094,21,PER,-1,1
2095,21,PER,-1,1
2097,21,PER,-1,12
2098,21,PER,-1,1
2099,21,PER,-1,1
2100,21,FAC,-1,1
2101,21,PER,-1,1
2102,21,PER,-1,40
2105,21,PER,-1,1
2106,21,PER,-1,2
2108,21,PER,-1,10
2109,21,PER,-1,12
2111,21,PER,-1,1
2114,21,FAC,-1,1
2115,21,FAC,-1,1
2117,21,PER,-1,1
2118,21,PER,-1,1
2120,21,PER,-1,1
2121,21,PER,-1,1
2124,21,FAC,-1,1
2125,21,PER,-1,1
2127,21,PER,-1,9
2128,21,PER,-1,11
2129,21,PER,-1,21
2130,21,PER,-1,5
2132,21,PER,-1,5
2134,21,PER,-1,1
2135,21,PER,-1,1
2137,21,PER,-1,1
2138,21,PER,-1,3
2141,21,PER,-1,1
2142,21,PER,-1,1
2143,21,PER,-1,1
2145,21,PER,-1,1
2149,21,PER,-1,1
2150,22,PER,-1,1
2151,22,PER,-1,2
2152,22,PER,-1,1
2153,22,PER,-1,1
2154,22,FAC,-1,1
2157,22,PER,-1,3
2158,22,PER,-1,1
2160,22,PER,-1,1
2161,22,PER,-1,1
2163,22,PER,-1,1
2164,22,PER,-1,1
2165,22,PER,-1,6
2166,22,PER,-1,1
2167,22,PER,-1,1
2169,22,PER,-1,1
2170,22,PER,-1,1
2173,22,PER,-1,1
2175,22,PER,-1,5
2176,22,PER,-1,1
2177,22,PER,-1,1
2179,22,FAC,-1,1
2181,22,PER,-1,1
2182,22,PER,-1,1
2184,22,PER,-1,1
2188,22,PER,-1,1
2189,0,FAC,-1,1
2190,0,GPE,-1,1
2191,0,PER,-1,1
2192,0,PER,-1,1
2193,0,GPE,-1,2
2195,0,PER,-1,1
2196,0,PER,-1,1
2197,0,PER,-1,1
2198,0,PER,-1,1
2199,0,FAC,-1,1
2200,0,FAC,-1,1
2201,1,PER,-1,6
2202,1,PER,-1,1
2203,1,PER,-1,7
2203,11,PER,-1,1
2203,14,PER,-1,4
2203,19,PER,-1,4
2203,20,PER,-1,6
2203,21,PER,-1,1
2204,1,PER,-1,1
2205,1,PER,-1,1
2205,15,PER,-1,1
2206,1,PER,-1,1
2207,1,PER,-1,1
2208,1,PER,-1,1
2209,1,PER,-1,1
2210,1,PER,-1,1
2210,2,PER,-1,6
2210,9,PER,-1,1
2210,10,PER,-1,2
2210,11,PER,-1,1
2210,12,PER,-1,1
2211,1,PER,-1,1
2212,1,FAC,-1,2
2212,2,FAC,-1,1
2212,14,FAC,-1,1
2214,1,PER,-1,1
2215,1,PER,-1,1
2215,20,PER,-1,1
2216,1,PER,-1,5
2218,1,FAC,-1,1
2219,1,PER,-1,3
2220,1,PER,-1,2
2221,1,FAC,-1,1
2221,7,FAC,-1,1
2222,1,PER,-1,1
2223,1,PER,-1,1
2224,1,PER,-1,4
2225,1,PER,-1,1
2226,1,PER,-1,3
2227,1,PER,-1,1
2229,1,PER,-1,3
2230,1,LOC,-1,1
2232,1,PER,-1,2
2232,2,PER,-1,1
2232,3,PER,-1,1
2232,5,PER,-1,2
2232,6,PER,-1,1
2232,8,PER,-1,2
2232,10,PER,-1,1
2232,13,PER,-1,1
2232,19,PER,-1,1
2232,20,PER,-1,1
2232,21,PER,-1,1
2233,1,PER,-1,1
2234,1,PER,-1,2
2234,2,PER,-1,6
2235,1,ORG,-1,1
2235,2,PER,-1,1
2235,6,PER,-1,1
2235,9,PER,-1,1
2235,16,ORG,-1,1
2235,17,ORG,-1,1
2236,-1,FAC,-1,1
2237,2,PER,-1,1
2237,4,PER,-1,10
2237,5,PER,-1,2
2237,10,PER,-1,1
2237,19,PER,-1,6
2237,20,PER,-1,8
2238,2,PER,-1,2
2238,6,PER,-1,2
2238,22,PER,-1,1
2239,2,PER,-1,1
2240,2,PER,-1,4
2242,2,FAC,-1,1
2243,2,FAC,-1,1
2244,2,FAC,-1,2
2245,2,PER,-1,4
2246,2,FAC,-1,1
2246,3,FAC,-1,1
2247,2,PER,-1,1
2248,2,PER,-1,1
2249,2,FAC,-1,1
2250,2,FAC,-1,1
2251,2,PER,-1,3
2252,2,PER,-1,2
2253,2,PER,-1,1
2254,2,PER,-1,1
2255,2,PER,-1,1
2256,2,PER,-1,1
2257,2,PER,-1,1
2259,2,PER,-1,2
2260,2,PER,-1,1
2261,2,FAC,-1,1
2262,2,PER,-1,4
2262,6,PER,-1,1
2262,9,PER,-1,1
2262,16,PER,-1,1
2263,2,PER,-1,1
2264,2,PER,-1,1
2265,2,PER,-1,2
2265,5,PER,-1,3
2265,21,PER,-1,14
2266,2,PER,-1,1
2267,2,PER,-1,1
2268,2,PER,-1,5
2268,5,PER,-1,2
2268,6,PER,-1,2
2268,8,PER,-1,3
2268,9,PER,-1,1
2268,12,PER,-1,1
2268,15,PER,-1,2
2268,17,PER,-1,3
2268,19,PER,-1,1
2268,21,PER,-1,10
2270,2,PER,-1,1
2272,2,PER,-1,1
2273,2,PER,-1,1
2273,4,PER,-1,2
2273,5,PER,-1,2
2273,6,PER,-1,2
2273,7,PER,-1,1
2273,11,PER,-1,1
2273,20,PER,-1,1
2275,2,PER,-1,1
2276,2,PER,-1,1
2277,2,PER,-1,1
2278,2,PER,-1,1
2279,2,PER,-1,7
2280,2,LOC,-1,1
2281,2,PER,-1,1
2282,2,PER,-1,1
2283,2,PER,-1,1
2284,2,PER,-1,1
2285,2,PER,-1,7
2286,2,PER,-1,1
2287,2,LOC,-1,1
2287,9,LOC,-1,3
2287,10,LOC,-1,5
2289,2,PER,-1,1
2291,2,PER,-1,1
2292,2,PER,-1,1
2293,2,PER,-1,1
2294,2,PER,-1,2
2295,2,PER,-1,1
2296,2,FAC,-1,1
2298,2,FAC,-1,1
2299,2,PER,-1,1
2300,2,PER,-1,1
2302,2,PER,-1,1
2305,2,GPE,-1,1
2305,5,GPE,-1,1
2306,2,PER,-1,1
2306,3,PER,-1,1
2306,4,PER,-1,17
2306,5,PER,-1,1
2306,6,PER,-1,7
2306,7,PER,-1,6
2306,8,PER,-1,1
2306,9,PER,-1,1
2306,10,PER,-1,4
2306,11,PER,-1,4
2306,14,PER,-1,6
2306,15,PER,-1,2
2306,20,PER,-1,3
2306,21,PER,-1,1
2306,22,PER,-1,3
2307,2,PER,-1,1
2308,2,PER,-1,1
2309,2,PER,-1,3
2310,2,PER,-1,1
2310,3,PER,-1,1
2310,4,PER,-1,1
2310,6,PER,-1,1
2310,7,PER,-1,2
2310,9,PER,-1,6
2310,15,PER,-1,1
2310,18,PER,-1,4
2310,19,PER,-1,3
2310,20,PER,-1,8
2310,21,PER,-1,7
2311,2,PER,-1,1
2312,2,PER,-1,1
2313,2,PER,-1,1
2315,2,PER,-1,1
2316,2,PER,-1,1
2317,2,PER,-1,1
2318,2,PER,-1,1
2319,2,FAC,-1,1
2320,2,PER,-1,1
2320,5,PER,-1,1
2322,2,PER,-1,1
2323,2,PER,-1,1
2324,2,PER,-1,1
2326,2,PER,-1,1
2328,2,PER,-1,1
2329,2,PER,-1,1
2331,2,FAC,-1,1
2331,4,FAC,-1,1
2331,7,FAC,-1,2
2331,8,FAC,-1,1
2331,9,FAC,-1,1
2331,10,LOC,-1,1
2331,11,FAC,-1,1
2331,12,FAC,-1,2
2331,14,FAC,-1,1
2331,16,FAC,-1,2
2331,19,FAC,-1,1
2331,21,FAC,-1,1
2334,4,PER,-1,7
2335,4,PER,-1,1
2337,4,PER,-1,1
2338,4,PER,-1,1
2344,4,PER,-1,1
2347,4,PER,-1,1
2348,4,FAC,-1,1
2349,4,PER,-1,1
2350,4,PER,-1,4
2351,4,PER,-1,10
2355,4,FAC,-1,1
2356,4,FAC,-1,1
2356,4,PER,-1,1
2357,4,GPE,-1,1
2357,11,PER,-1,1
2358,4,PER,-1,1
2361,4,VEH,-1,1
2361,10,VEH,-1,1
2361,15,VEH,-1,1
2363,4,PER,Mr,1
2364,4,PER,-1,2
2365,4,PER,-1,2
2367,4,PER,-1,2
2367,8,PER,-1,1
2367,10,PER,-1,1
2368,4,PER,Mrs,1
2369,4,PER,-1,1
2369,7,PER,-1,1
2369,8,PER,-1,5
2369,20,PER,-1,1
2370,4,PER,-1,2
2370,5,PER,-1,2
2370,8,PER,-1,1
2370,11,PER,-1,1
2370,19,PER,-1,2
2370,21,PER,-1,1
2372,4,PER,-1,3
2372,5,PER,-1,3
2372,9,PER,-1,1
2373,4,PER,-1,1
2377,4,PER,-1,2
2378,4,PER,-1,9
2378,5,PER,-1,5
2380,4,PER,-1,1
2381,4,PER,-1,1
2382,4,PER,-1,1
2383,4,FAC,-1,1
2387,5,PER,-1,2
2388,5,PER,-1,1
2389,5,PER,-1,1
2390,5,GPE,-1,1
2390,6,GPE,-1,1
2390,11,GPE,-1,1
2390,12,GPE,-1,1
2391,5,FAC,-1,1
2392,5,PER,-1,1
2394,5,PER,-1,1
2395,5,PER,-1,2
2396,5,PER,-1,7
2397,5,PER,-1,1
2398,5,PER,-1,1
2399,5,PER,-1,6
2400,5,PER,-1,2
2402,5,PER,-1,1
2402,8,PER,-1,2
2402,11,PER,-1,1
2402,15,PER,-1,2
2402,16,PER,-1,1
2402,18,PER,-1,1
2402,19,PER,-1,1
2402,20,PER,-1,2
2403,5,PER,-1,12
2403,6,PER,-1,1
2407,5,PER,-1,1
2408,5,PER,Lord,1
2409,5,PER,-1,1
2409,16,PER,-1,4
2412,5,PER,-1,3
2412,6,PER,-1,1
2412,20,PER,-1,2
2414,5,PER,-1,2
2415,5,PER,-1,3
2419,5,PER,-1,4
2419,6,PER,-1,1
2419,7,PER,-1,10
2419,8,PER,-1,1
2419,9,PER,-1,1
2420,5,PER,-1,3
2421,5,PER,-1,1
2423,5,PER,-1,2
2424,5,PER,-1,1
2425,5,PER,-1,1
2432,5,PER,-1,1
2432,20,PER,-1,1
2433,5,PER,-1,2
2434,5,PER,-1,1
2436,5,PER,-1,1
2437,5,PER,-1,1
2441,5,PER,-1,3
2442,5,PER,-1,2
2443,5,PER,-1,1
2443,6,PER,-1,1
2443,7,PER,-1,1
2443,20,PER,-1,1
2445,5,FAC,-1,1
2446,5,PER,-1,1
2448,5,PER,-1,1
2449,5,PER,-1,1
2450,5,FAC,-1,1
2451,5,PER,-1,5
2452,5,PER,-1,1
2453,5,PER,-1,1
2454,5,PER,-1,1
2454,6,PER,-1,1
2457,6,PER,Mr,1
2460,6,PER,-1,1
2461,6,PER,-1,1
2462,6,PER,-1,1
2463,6,PER,-1,1
2469,6,PER,-1,1
2470,6,PER,-1,1
2472,6,PER,-1,1
2474,6,PER,-1,1
2474,7,PER,-1,4
2474,16,PER,-1,1
2474,18,PER,-1,1
2474,20,PER,-1,2
2475,6,PER,-1,1
2476,6,PER,-1,2
2478,6,PER,-1,1
2478,13,PER,-1,1
2480,6,PER,-1,2
2481,6,PER,-1,1
2482,6,PER,-1,7
2483,6,PER,-1,1
2485,6,PER,-1,1
2487,6,VEH,-1,1
2488,6,PER,-1,1
2489,6,PER,-1,1
2490,6,VEH,-1,1
2491,6,VEH,-1,1
2492,6,PER,-1,5
2493,6,PER,-1,1
2495,6,PER,-1,10
2495,7,PER,-1,1
2495,16,PER,-1,6
2497,6,PER,-1,1
2499,6,PER,-1,10
2499,7,PER,-1,1
2500,6,PER,-1,1
2501,6,PER,-1,1
2502,6,PER,-1,5
2505,6,ORG,-1,1
2506,6,PER,-1,1
2507,6,FAC,-1,1
2508,6,VEH,-1,1
2510,6,PER,-1,1
2512,6,PER,-1,1
2514,6,PER,-1,1
2515,6,PER,-1,1
2516,6,PER,-1,1
2519,6,PER,-1,1
2520,6,PER,-1,1
2520,10,PER,-1,9
2520,11,PER,-1,2
2520,15,PER,-1,3
2520,16,PER,-1,9
2521,6,PER,-1,2
2522,6,PER,-1,1
2522,9,PER,-1,1
2522,10,PER,-1,2
2522,11,PER,-1,1
2523,6,VEH,-1,1
2526,6,PER,-1,1
2527,6,PER,-1,1
2528,6,PER,-1,1
2530,7,PER,-1,1
2531,7,PER,-1,1
2535,7,PER,-1,2
2536,7,ORG,-1,1
2537,7,PER,-1,1
2538,7,FAC,-1,1
2539,7,PER,-1,1
2540,7,PER,-1,2
2541,7,PER,-1,1
2541,7,VEH,-1,1
2543,7,PER,-1,1
2545,7,PER,-1,1
2545,10,PER,-1,1
2545,11,PER,-1,1
2545,16,PER,-1,1
2545,17,PER,-1,5
2545,20,PER,-1,1
2546,7,PER,-1,1
2547,7,PER,-1,2
2548,7,PER,-1,1
2550,7,PER,-1,2
2551,7,PER,-1,1
2555,7,PER,-1,9
2556,7,PER,-1,1
2557,7,GPE,-1,1
2558,7,PER,-1,1
2560,7,PER,-1,2
2560,13,PER,-1,1
2560,20,PER,-1,1
2561,7,PER,-1,1
2563,7,PER,-1,1
2564,7,PER,-1,1
2567,7,PER,-1,1
2569,7,PER,-1,2
2570,7,PER,-1,1
2571,7,PER,-1,3
2571,10,PER,-1,1
2571,12,PER,-1,2
2571,19,PER,-1,1
2571,20,PER,-1,2
2571,21,PER,-1,10
2573,7,PER,-1,1
2575,7,PER,-1,1
2576,7,PER,-1,6
2579,7,VEH,-1,1
2580,7,PER,-1,1
2582,7,PER,-1,1
2583,7,PER,-1,1
2586,7,PER,-1,1
2587,7,PER,-1,1
2588,7,PER,-1,1
2589,7,PER,-1,1
2590,7,PER,-1,1
2591,7,PER,-1,1
2592,7,PER,-1,1
2595,7,PER,-1,2
2596,7,PER,-1,1
2598,7,PER,-1,1
2599,7,FAC,-1,1
2600,7,PER,-1,1
2601,7,PER,-1,1
2602,7,PER,-1,1
2603,7,FAC,-1,1
2604,7,FAC,-1,1
2605,7,LOC,-1,1
2607,7,PER,-1,1
2608,7,PER,-1,1
2609,7,PER,-1,1
2610,7,PER,-1,2
2619,8,PER,-1,3
2626,8,PER,-1,4
2627,8,PER,-1,1
2628,8,LOC,-1,1
2629,8,LOC,-1,1
2630,8,LOC,-1,1
2632,8,PER,-1,2
2637,8,LOC,-1,1
2638,8,FAC,-1,1
2639,8,PER,-1,3
2639,14,PER,-1,1
2640,8,PER,-1,10
2643,8,PER,-1,1
2645,8,PER,-1,2
2646,8,PER,-1,1
2648,9,PER,-1,2
2652,9,PER,-1,2
2654,9,PER,-1,1
2656,9,FAC,-1,1
2659,9,PER,-1,3
2660,9,PER,-1,1
2662,9,PER,-1,1
2663,9,PER,-1,1
2665,9,PER,-1,1
2669,9,PER,-1,1
2673,10,PER,-1,3
2676,10,PER,-1,3
2677,10,PER,-1,1
2678,10,PER,-1,1
2679,10,PER,-1,1
2679,14,PER,-1,1
2682,10,FAC,-1,1
2683,10,PER,-1,1
2684,10,PER,-1,1
2684,13,PER,-1,1
2686,10,PER,-1,1
2688,10,PER,-1,1
2688,12,PER,-1,1
2689,10,PER,-1,1
2690,10,PER,-1,1
2691,10,PER,-1,1
2691,21,PER,-1,2
2692,10,PER,-1,1
2693,10,PER,-1,1
2695,10,PER,-1,2
2696,10,PER,-1,1
2699,10,PER,-1,5
2700,10,PER,-1,1
2701,10,PER,-1,3
2703,10,FAC,-1,1
2705,10,PER,-1,1
2708,10,PER,-1,1
2710,10,PER,-1,1
2711,10,PER,-1,1
2712,10,PER,-1,1
2713,10,PER,-1,1
2714,10,PER,-1,1
2715,10,PER,-1,1
2716,10,PER,-1,3
2718,10,PER,-1,1
2718,17,PER,-1,2
2720,10,PER,-1,1
2720,19,PER,-1,1
2720,21,PER,-1,1
2722,10,PER,-1,1
2723,10,PER,-1,1
2723,21,PER,-1,1
2724,10,PER,-1,1
2726,10,PER,-1,1
2727,10,FAC,-1,1
2729,10,PER,-1,1
2731,10,PER,-1,1
2733,10,PER,-1,1
2737,10,PER,-1,1
2737,11,PER,-1,2
2737,17,PER,-1,1
2745,11,PER,-1,1
2745,18,PER,-1,1
2746,11,FAC,-1,1
2754,11,FAC,-1,1
2757,11,PER,Mr,1
2758,11,FAC,-1,1
2763,11,PER,-1,1
2765,11,FAC,-1,1
2766,11,PER,-1,1
2767,11,PER,-1,1
2769,11,FAC,-1,1
2770,11,PER,-1,2
2771,11,PER,-1,1
2772,11,PER,-1,10
2773,11,FAC,-1,1
2776,11,PER,-1,1
2777,11,FAC,-1,1
2778,11,PER,-1,1
2778,21,PER,-1,1
2780,11,FAC,-1,1
2780,11,PER,-1,1
2782,11,PER,-1,1
2782,16,PER,-1,5
2784,11,PER,-1,3
2786,11,PER,-1,1
2788,11,PER,-1,1
2789,11,PER,-1,6
2790,11,FAC,-1,1
2791,11,PER,-1,2
2793,11,FAC,-1,1
2793,12,GPE,-1,1
2793,13,FAC,-1,1
2793,13,GPE,-1,1
2793,17,GPE,-1,1
2793,20,FAC,-1,1
2794,11,FAC,-1,1
2795,11,FAC,-1,1
2796,11,FAC,-1,1
2797,11,PER,-1,1
2798,11,PER,-1,4
2801,11,PER,-1,1
2803,11,FAC,-1,1
2805,12,PER,-1,1
2808,12,FAC,-1,1
2810,12,PER,-1,1
2812,12,PER,-1,1
2814,12,PER,-1,1
2815,12,PER,-1,1
2819,12,PER,-1,1
2821,12,PER,-1,1
2821,13,PER,-1,1
2823,12,PER,-1,1
2824,13,PER,-1,1
2826,13,PER,-1,1
2827,13,FAC,-1,1
2829,13,PER,-1,1
2830,13,PER,-1,1
2831,13,PER,-1,1
2832,13,FAC,-1,1
2833,13,PER,-1,2
2834,13,PER,-1,1
2835,13,PER,-1,1
2836,13,PER,-1,1
2837,13,PER,-1,2
2837,17,PER,-1,2
2838,13,PER,-1,1
2840,13,PER,-1,1
2841,13,PER,-1,1
2842,13,PER,-1,2
2844,13,PER,-1,4
2846,13,PER,-1,1
2846,14,PER,-1,1
2846,20,PER,-1,1
2849,13,FAC,-1,1
2851,13,PER,-1,2
2852,13,PER,-1,1
2854,13,PER,-1,2
2855,13,PER,-1,1
2856,13,PER,-1,1
2857,14,PER,-1,3
2859,14,PER,-1,1
2861,14,PER,-1,2
2865,14,PER,-1,1
2866,14,PER,-1,1
2867,14,PER,-1,1
2867,18,PER,-1,1
2868,14,PER,-1,2
2869,14,PER,-1,1
2870,14,PER,-1,1
2871,14,PER,-1,5
2872,14,PER,-1,1
2872,19,PER,-1,1
2873,14,PER,-1,5
2875,14,PER,-1,5
2878,14,PER,-1,3
2880,14,PER,-1,1
2882,14,PER,-1,1
2883,14,PER,-1,1
2884,14,PER,-1,1
2885,14,PER,-1,5
2886,14,PER,-1,1
2887,14,FAC,-1,1
2888,14,PER,-1,1
2890,14,PER,-1,1
2891,14,PER,-1,1
2896,14,PER,-1,4
2897,14,PER,-1,1
2898,14,FAC,-1,2
2902,14,PER,-1,1
2902,18,PER,-1,1
2902,19,PER,-1,1
2903,14,PER,-1,1
2904,14,PER,-1,1
2905,14,PER,-1,1
2907,14,PER,-1,1
2908,14,PER,-1,1
2909,14,FAC,-1,1
2910,14,PER,-1,3
2910,15,PER,-1,6
2912,15,PER,-1,1
2913,15,PER,-1,1
2915,15,PER,-1,1
2916,15,PER,-1,1
2917,15,PER,-1,1
2918,15,FAC,-1,1
2919,15,PER,-1,1
2920,15,PER,-1,1
2921,15,PER,-1,1
2923,15,PER,-1,1
2924,15,PER,-1,1
2925,15,PER,-1,1
2926,15,PER,-1,1
2928,15,PER,-1,1
2929,15,PER,-1,1
2930,15,PER,-1,1
2931,15,PER,-1,1
2932,15,PER,-1,6
2933,15,PER,-1,1
2935,15,PER,-1,1
2936,15,PER,-1,2
2938,15,PER,-1,1
2940,15,PER,-1,1
2941,15,PER,-1,1
2943,15,PER,-1,1
2946,15,PER,-1,1
2947,15,PER,-1,1
2948,15,PER,-1,1
2949,15,PER,-1,3
2950,15,FAC,-1,1
2953,15,PER,-1,11
2954,15,PER,-1,1
2956,15,PER,-1,1
2957,15,PER,-1,2
2957,20,PER,-1,1
2960,15,PER,-1,1
2961,15,PER,-1,1
2963,15,PER,-1,1
2964,15,PER,-1,3
2965,15,FAC,-1,1
2966,15,PER,-1,1
2967,15,PER,-1,6
2969,15,PER,-1,2
2971,15,PER,-1,1
2972,15,PER,-1,3
2973,15,PER,-1,1
2975,16,PER,-1,1
2977,16,PER,-1,1
2978,16,PER,-1,6
2982,16,PER,-1,2
2985,16,FAC,-1,1
2987,16,VEH,-1,1
2988,16,PER,-1,2
2990,16,PER,-1,5
2991,16,LOC,-1,1
2992,16,LOC,-1,1
2993,16,FAC,-1,1
2993,16,VEH,-1,1
2994,16,PER,-1,4
2995,16,FAC,-1,1
2999,16,PER,-1,1
3002,16,PER,-1,2
3004,16,PER,-1,1
3007,16,PER,-1,5
3008,16,PER,-1,1
3009,16,PER,-1,1
3010,16,PER,-1,1
3011,16,PER,-1,1
3012,16,PER,-1,13
3014,16,PER,-1,3
3016,16,FAC,-1,2
3018,16,PER,-1,1
3019,16,PER,-1,1
3019,19,PER,-1,1
3020,16,PER,-1,3
3021,16,PER,-1,5
3022,16,PER,-1,1
3023,16,PER,-1,2
3024,16,PER,-1,1
3025,16,PER,-1,2
3026,16,PER,-1,1
3027,16,PER,-1,1
3028,16,PER,-1,1
3029,16,PER,-1,3
3030,16,PER,-1,1
3032,16,PER,-1,2
3033,16,PER,-1,2
3034,16,PER,-1,1
3035,16,PER,-1,4
3036,16,PER,-1,2
3036,19,PER,-1,3
3039,16,PER,-1,1
3040,16,PER,-1,1
3041,16,PER,-1,2
3044,16,PER,-1,2
3045,16,PER,-1,2
3046,16,PER,-1,1
3046,20,PER,-1,1
3047,16,PER,-1,1
3049,16,PER,-1,1
3050,16,PER,-1,1
3055,17,PER,-1,1
3056,17,PER,-1,1
3060,17,PER,-1,2
3061,17,FAC,-1,1
3062,17,FAC,-1,1
3063,17,LOC,-1,1
3065,17,PER,-1,1
3065,21,PER,-1,1
3066,17,PER,-1,1
3068,17,PER,-1,4
3070,17,PER,-1,1
3071,17,PER,-1,1
3072,17,PER,-1,1
3073,17,PER,-1,1
3074,17,PER,-1,1
3075,17,PER,-1,1
3077,17,PER,-1,1
3077,18,PER,-1,1
3078,17,LOC,-1,1
3080,17,LOC,-1,1
3082,17,PER,-1,1
3083,17,PER,-1,1
3084,17,PER,-1,1
3086,17,PER,-1,1
3087,17,PER,-1,1
3088,17,PER,-1,1
3089,17,PER,-1,1
3090,17,PER,-1,1
3091,17,PER,-1,1
3093,17,PER,-1,1
3094,17,PER,-1,1
3097,17,PER,-1,1
3098,17,PER,-1,1
3103,18,PER,-1,2
3104,18,PER,-1,1
3105,18,FAC,-1,1
3106,18,PER,-1,1
3107,18,PER,-1,1
3108,18,PER,-1,1
3110,18,PER,-1,1
3112,18,PER,-1,1
3114,18,PER,-1,1
3118,18,PER,-1,2
3119,18,PER,-1,1
3122,18,PER,-1,2
3122,20,PER,-1,1
3123,18,PER,-1,2
3124,18,PER,-1,1
3125,18,PER,-1,1
3127,18,PER,-1,1
3129,18,PER,-1,1
3130,18,PER,-1,1
3136,18,PER,-1,1
3137,18,PER,-1,7
3139,18,PER,-1,1
3144,19,PER,-1,1
3145,19,PER,-1,1
3146,19,PER,-1,1
3148,19,PER,-1,1
3149,19,PER,-1,1
3150,19,PER,-1,1
3151,19,PER,-1,1
3152,19,PER,-1,4
3153,19,PER,-1,1
3154,19,PER,-1,1
3157,19,PER,-1,1
3159,19,PER,-1,1
3160,19,PER,-1,1
3161,19,FAC,-1,1
3163,19,FAC,-1,2
3164,19,PER,-1,1
3165,19,PER,-1,4
3171,19,PER,-1,1
3172,19,PER,-1,4
3174,19,PER,-1,1
3175,19,PER,-1,1
3177,19,PER,-1,1
3183,19,PER,-1,1
3185,19,PER,-1,1
3189,19,PER,-1,1
3195,19,PER,-1,2
3196,19,PER,-1,1
3197,19,PER,-1,1
3199,19,PER,-1,1
3200,19,PER,-1,1
3201,19,PER,-1,1
3202,19,PER,-1,1
3203,19,PER,-1,1
3209,19,PER,-1,7
3211,19,PER,-1,1
3212,19,FAC,-1,1
3213,19,FAC,-1,1
3214,19,PER,-1,1
3215,19,PER,-1,1
3218,19,PER,-1,1
3220,19,PER,-1,1
3221,19,PER,-1,3
3222,19,PER,-1,1
3223,19,PER,-1,4
3225,19,PER,-1,1
3226,19,PER,-1,1
3227,19,PER,-1,1
3230,19,LOC,-1,1
3231,19,PER,-1,5
3233,19,PER,-1,1
3234,19,PER,-1,1
3237,19,PER,-1,1
3238,19,PER,-1,1
3240,19,PER,-1,2
3241,19,LOC,-1,1
3245,19,PER,-1,3
3246,19,PER,-1,1
3247,19,PER,-1,2
3249,19,PER,-1,1
3250,19,PER,-1,1
3254,19,PER,-1,1
3255,19,PER,-1,1
3263,19,PER,-1,1
3264,19,PER,-1,5
3265,19,PER,-1,3
3270,19,PER,-1,1
3271,19,PER,-1,1
3272,19,PER,-1,1
3275,20,PER,-1,1
3276,20,PER,-1,3
3277,20,PER,-1,1
3279,20,PER,-1,1
3280,20,PER,-1,1
3283,20,PER,-1,1
3285,20,PER,-1,2
3287,20,PER,-1,2
3295,20,PER,-1,3
3297,20,PER,-1,1
3299,20,GPE,-1,1
3300,20,LOC,-1,1
3301,20,FAC,-1,1
3302,20,GPE,-1,1
3303,20,PER,-1,1
3304,20,PER,-1,1
3305,20,PER,-1,5
3311,20,PER,-1,1
3312,20,PER,-1,1
3313,20,PER,-1,1
3314,20,FAC,-1,1
3315,20,PER,-1,3
3316,20,PER,Mr,1
3318,20,PER,-1,5
3325,20,PER,-1,1
3327,20,FAC,-1,1
3328,20,PER,-1,2
3329,20,PER,-1,1
3331,20,PER,-1,1
3332,20,FAC,-1,1
3333,20,PER,-1,1
3334,20,PER,-1,1
3335,20,PER,-1,1
3338,20,PER,-1,1
3339,20,PER,-1,10
3342,20,PER,-1,2
3345,20,PER,-1,1
3346,20,PER,-1,1
3348,20,PER,-1,1
3349,20,PER,-1,1
3350,20,PER,-1,1
3357,20,PER,-1,1
3358,20,PER,-1,1
3359,20,PER,-1,1
3362,20,FAC,-1,1
3364,20,PER,-1,1
3365,20,PER,-1,2
3371,20,PER,-1,5
3372,20,PER,-1,1
3377,20,PER,-1,1
3378,20,PER,-1,2
3379,21,PER,-1,1
3380,21,FAC,-1,2
3381,21,PER,-1,1
3383,21,PER,-1,1
3385,21,PER,-1,1
3386,21,PER,-1,17
3392,21,PER,-1,1
3397,21,PER,-1,6
3400,21,FAC,-1,1
3401,21,GPE,-1,1
3402,21,PER,-1,1
3404,21,PER,-1,1
3405,21,PER,-1,1
3411,21,PER,-1,9
3415,21,VEH,-1,1
3416,21,PER,-1,1
3418,21,PER,-1,1
3420,21,PER,-1,1
3421,21,PER,-1,1
3422,21,PER,-1,1
3426,21,PER,-1,18
3430,21,PER,-1,1
3431,21,PER,-1,1
3435,21,FAC,-1,1
3438,21,PER,-1,1
3440,21,PER,-1,1
3441,21,PER,-1,2
3442,21,PER,-1,3
3447,21,PER,-1,1
3448,21,FAC,-1,1
3449,21,FAC,-1,1
3450,21,PER,-1,1
3452,21,PER,-1,1
3455,21,PER,-1,1
3457,21,PER,-1,20
3458,21,PER,-1,1
3461,21,PER,-1,1
3462,21,PER,-1,1
3464,21,PER,-1,1
3465,21,PER,-1,2
3466,21,PER,-1,1
3467,21,PER,-1,1
3469,21,PER,-1,2
3472,21,PER,-1,7
3473,21,PER,-1,2
3474,21,PER,-1,1
3476,21,PER,-1,1
3477,21,PER,-1,1
3478,21,PER,-1,1
3479,21,PER,-1,1
